BlockID_Flint,BlockID_Flint2,ward,CommercialBldgCount,CommercialBldgTotArea,Lat,Long,E_Income,M_Income,FID_2,E_Total,E_M_Total,E_MLT05,E_M05_09,E_M10_14,E_M15_17,E_M18_19,E_M20,E_M21,E_M22_24,E_M25_29,E_M30_34,E_M35_39,E_M40_44,E_M45_49,E_M50_54,E_M55_59,E_M60_61,E_M62_64,E_M65_66,E_M67_69,E_M70_74,E_M75_79,E_M80_84,E_M85up,E_F_Total,E_FLT05,E_F05_09,E_F10_14,E_F15_17,E_F18_19,E_F20,E_F21,E_F22_24,E_F25_29,E_F30_34,E_F35_39,E_F40_44,E_F45_49,E_F50_54,E_F55_59,E_F60_61,E_F62_64,E_F65_66,E_F67_69,E_F70_74,E_F75_79,E_F80_84,E_F85up,M_Total,M_M_Total,M_MLT05,M_M05_09,M_M10_14,M_M15_17,M_M18_19,M_M20,M_M21,M_M22_24,M_M25_29,M_M30_34,M_M35_39,M_M40_44,M_M45_49,M_M50_54,M_M55_59,M_M60_61,M_M62_64,M_M65_66,M_M67_69,M_M70_74,M_M75_79,M_M80_84,M_M85up,M_F_Total,M_FLT05,M_F05_09,M_F10_14,M_F15_17,M_F18_19,M_F20,M_F21,M_F22_24,M_F25_29,M_F30_34,M_F35_39,M_F40_44,M_F45_49,M_F50_54,M_F55_59,M_F60_61,M_F62_64,M_F65_66,M_F67_69,M_F70_74,M_F75_79,M_F80_84,M_F85up
block1,1,1,11,35525.45703,43.070266,-83.728011,29234,16947,0,881,370,7,68,0,0,32,0,0,0,0,0,0,24,0,43,6,11,18,8,69,30,20,5,29,511,63,11,0,39,0,0,0,0,49,24,10,26,11,10,61,9,54,40,8,30,5,42,19,272,104,12,66,10,10,51,10,10,10,10,10,10,30,10,47,12,16,20,15,51,26,31,10,32,195,71,24,10,45,10,10,10,10,57,35,19,42,17,17,53,15,46,42,12,23,10,39,25
block10,10,1,0,0,43.064229,-83.716173,29779,26096,9,520,249,65,0,0,0,0,0,0,0,36,24,7,16,0,0,38,0,16,0,36,11,0,0,0,271,0,28,0,0,0,0,0,81,0,0,0,0,0,58,0,13,28,8,23,17,15,0,0,321,178,67,10,10,10,10,10,10,10,56,42,18,26,10,10,36,10,26,10,40,21,10,10,10,160,10,45,10,10,10,10,10,77,10,10,10,10,10,69,10,20,32,14,35,24,19,10,10
block100,100,7,4,34620.77734,43.005303,-83.664936,26401,1365,99,697,244,48,18,7,13,11,0,0,0,0,11,40,13,0,0,8,0,0,0,0,18,30,27,0,453,54,80,31,0,9,0,0,11,25,42,17,12,39,0,83,0,27,0,11,0,12,0,0,337,108,41,24,14,20,18,10,10,10,10,18,46,21,10,10,12,10,10,10,10,22,32,30,10,267,60,98,51,10,15,10,10,18,27,52,22,17,59,10,47,10,27,10,19,10,18,10,10
block101,101,7,24,182764.1836,43.006735,-83.659094,49531,11071,100,654,356,0,19,44,0,0,18,0,12,23,12,0,24,39,8,32,28,8,0,12,0,0,61,16,298,25,0,0,0,0,0,0,0,10,20,7,16,44,16,9,0,0,25,18,51,15,13,29,193,128,10,29,62,10,10,29,10,19,28,21,10,34,43,13,33,34,12,10,18,10,10,37,23,101,40,10,10,10,10,10,10,10,15,31,13,23,44,23,14,10,10,26,21,40,21,19,25
block102,102,7,15,125204.6445,43.003117,-83.669835,13846,12016,101,530,240,0,34,0,29,0,0,0,0,0,38,44,23,9,22,0,22,0,0,0,0,7,0,12,290,36,29,44,12,28,0,0,0,25,0,11,22,0,39,29,11,0,0,0,1,0,0,3,223,112,10,39,10,28,10,10,10,10,10,59,42,33,14,26,10,32,10,10,10,10,18,10,19,155,36,28,45,18,28,10,10,10,29,10,17,34,10,60,27,18,10,10,10,5,10,10,6
block103,103,9,2,94035.23438,42.995855,-83.661379,42446,8061,102,1378,632,42,44,35,11,8,16,8,46,56,32,27,49,35,25,41,25,21,17,21,31,18,7,17,746,66,18,91,27,10,36,8,21,44,52,36,33,76,34,44,8,17,33,20,11,27,7,27,234,109,31,42,30,12,12,27,16,43,36,27,29,39,39,22,29,26,24,15,25,22,17,10,18,177,53,16,61,25,8,34,11,22,32,42,40,29,43,23,30,10,14,25,22,13,18,11,30
block104,104,9,19,202304.4102,42.991694,-83.658892,31250,9648,103,767,311,57,30,5,24,0,0,0,0,24,34,40,12,0,6,18,4,4,18,12,23,0,0,0,456,46,53,35,18,0,0,24,0,7,49,44,19,23,33,29,7,11,20,14,0,0,10,14,244,128,51,45,9,28,10,10,10,10,22,34,36,14,10,9,13,7,7,15,18,19,10,10,10,167,52,46,41,26,10,10,39,10,10,45,37,27,20,45,26,10,12,20,14,10,10,17,16
block105,105,9,12,157143.2539,42.998919,-83.645679,6759,3711,104,1330,635,241,53,8,24,46,26,26,22,43,15,56,11,0,14,45,0,0,0,0,5,0,0,0,695,163,99,25,24,16,61,0,43,83,9,46,45,48,0,17,0,5,0,6,0,0,0,5,349,220,123,35,15,37,34,43,40,35,47,25,48,18,10,22,35,10,10,10,10,9,10,10,10,198,108,67,28,36,25,52,10,38,60,13,36,45,43,10,21,10,8,10,11,10,10,10,9
block106,106,9,22,261337.1602,42.9919,-83.647173,15625,15445,105,828,407,70,90,71,17,17,0,0,0,37,13,0,0,36,8,30,8,10,0,0,0,0,0,0,421,55,26,44,18,0,0,0,28,75,64,46,0,6,5,15,0,29,0,5,0,0,5,0,245,156,51,58,64,27,27,10,10,10,33,17,10,10,38,13,35,13,15,10,10,10,10,10,10,132,40,40,33,25,10,10,10,35,39,44,42,10,12,10,16,10,29,10,10,10,10,9,10
block107,107,9,35,344206,42.984229,-83.673224,38929,15248,106,895,447,0,23,61,39,32,13,0,2,1,65,59,44,11,11,38,30,6,0,0,0,0,12,0,448,13,0,10,84,11,0,2,0,14,65,43,28,64,63,5,1,7,10,0,12,0,0,16,261,143,10,25,53,54,47,21,10,4,3,63,59,52,18,16,40,46,13,10,10,10,10,17,10,152,21,10,15,71,18,10,4,10,23,66,58,31,62,61,10,4,13,16,10,18,10,10,21
block108,108,9,6,9328.785156,42.986067,-83.665428,33953,10607,107,1445,579,52,44,8,0,0,0,0,53,28,24,39,23,28,64,87,7,24,28,13,0,12,22,23,866,90,83,59,27,0,0,5,39,97,17,39,35,28,87,71,0,52,10,0,12,47,28,40,396,155,65,37,13,10,10,10,10,57,44,35,43,29,30,52,72,11,24,33,19,10,18,25,30,284,83,75,54,36,10,10,16,60,77,29,41,40,26,70,46,10,51,17,10,17,59,34,55
block109,109,9,10,215599.3672,42.984999,-83.657968,34107,13423,108,827,417,41,6,27,4,0,0,0,15,53,23,42,21,10,9,85,37,7,14,0,11,0,0,12,410,26,57,0,14,52,9,0,27,7,34,16,21,8,8,24,0,18,0,0,56,9,13,11,305,149,49,14,25,6,10,10,10,24,40,30,36,22,17,14,50,48,12,22,10,20,10,10,18,189,36,60,10,26,39,15,10,35,15,30,28,23,13,14,30,10,22,10,10,33,15,18,18
block11,11,1,1,43783.66406,43.065026,-83.710028,22115,16411,10,519,192,9,0,18,9,0,0,0,35,11,0,0,0,0,36,17,0,0,0,16,24,7,10,0,327,11,13,32,0,12,0,0,28,0,9,13,8,9,51,52,10,7,6,30,29,7,0,0,202,95,13,10,27,16,10,10,10,46,17,10,10,10,10,35,18,10,10,10,18,28,12,15,10,136,16,20,36,10,19,10,10,36,10,14,19,14,13,45,45,15,12,9,19,30,10,10,10
block110,110,8,14,66357.17578,43.004942,-83.737069,22182,17994,109,809,355,13,82,95,0,0,0,0,0,19,0,12,47,35,0,30,0,0,0,0,22,0,0,0,454,0,41,0,67,0,0,0,21,98,0,0,85,55,0,15,16,14,0,42,0,0,0,0,318,123,25,74,95,10,10,10,10,10,30,10,20,52,40,10,35,10,10,10,10,37,10,10,10,210,10,63,10,91,10,10,10,32,80,10,10,92,57,10,24,24,23,10,44,10,10,10,10
block111,111,8,37,66933.54297,43.004941,-83.728728,26322,2736,110,1273,678,139,162,0,27,0,0,0,71,14,122,19,56,0,68,0,0,0,0,0,0,0,0,0,595,64,36,22,18,0,0,0,44,150,19,0,65,0,0,64,21,40,0,0,14,20,18,0,578,402,115,172,10,41,10,10,10,81,24,122,30,69,10,74,10,10,10,10,10,10,10,10,10,276,65,45,35,30,10,10,10,68,90,31,10,71,10,10,74,35,63,10,10,23,32,30,10
block112,112,8,16,49348.85547,42.998789,-83.735249,41146,24343,111,672,316,45,0,0,0,17,0,0,50,14,27,17,0,0,41,32,18,39,16,0,0,0,0,0,356,51,0,18,0,0,0,0,47,39,26,17,0,0,12,35,0,65,26,0,0,20,0,0,332,149,65,10,10,10,29,10,10,75,23,40,29,10,10,49,37,30,43,27,10,10,10,10,10,196,72,10,29,10,10,10,10,71,68,39,28,10,10,20,43,10,51,40,10,10,34,10,10
block113,113,8,18,34789.42969,42.99943,-83.728243,23451,6583,112,1377,661,70,41,0,0,0,0,0,64,108,13,82,41,20,70,64,48,17,0,0,0,0,23,0,716,12,66,0,51,17,0,14,16,43,73,0,75,30,133,55,0,28,0,41,0,0,62,0,422,239,81,50,10,10,10,10,10,75,107,21,77,47,33,79,82,47,27,10,10,10,10,38,10,237,21,52,10,69,28,10,23,25,48,80,10,97,48,99,78,10,35,10,69,10,10,53,10
block114,114,8,5,12244.29688,42.99647,-83.726548,30375,29824,113,461,315,57,45,0,0,0,0,0,0,0,45,0,0,37,0,23,16,17,0,0,0,36,0,39,146,0,0,0,0,0,0,0,0,48,0,0,19,0,0,0,0,16,0,0,0,0,21,42,329,238,88,69,10,10,10,10,10,10,10,70,10,10,43,10,35,27,25,10,10,10,44,10,44,101,10,10,10,10,10,10,10,10,75,10,10,32,10,10,10,10,27,10,10,10,10,33,45
block115,115,8,4,10128.41016,42.995573,-83.721052,106528,33271,114,1223,606,14,93,49,43,0,0,0,0,0,17,19,81,44,40,40,0,52,0,0,94,0,18,2,617,17,0,87,71,14,0,48,0,20,14,28,25,33,82,34,14,16,0,25,72,0,0,17,449,212,24,77,59,48,10,10,10,10,10,28,30,62,71,47,59,10,48,10,10,61,10,29,4,258,29,10,83,54,24,10,76,10,31,23,38,36,41,77,50,22,25,10,38,55,10,10,25
block116,116,8,1,1435.707031,43.003622,-83.713312,28125,23715,115,502,221,0,44,0,0,15,0,0,4,14,0,0,45,18,39,0,0,0,0,14,10,0,18,0,281,0,75,3,26,0,0,0,0,4,29,16,28,28,15,7,12,0,0,0,10,28,0,0,285,113,10,53,10,10,25,10,10,8,26,10,10,54,27,49,10,10,10,10,25,16,10,20,10,189,10,98,12,42,10,10,10,10,8,34,27,46,35,27,14,17,10,10,10,17,36,10,10
block117,117,8,35,54649.53906,43.005907,-83.718585,27448,11239,116,698,455,45,20,51,20,37,4,8,25,89,35,0,4,42,0,19,0,32,0,13,0,0,11,0,243,0,20,40,18,28,0,0,0,49,0,29,20,0,0,9,0,0,0,0,0,30,0,0,304,233,48,30,55,30,27,7,13,28,71,40,10,11,47,10,21,10,34,10,20,10,10,19,10,123,10,36,34,24,43,10,10,10,55,10,34,26,10,10,15,10,10,10,10,10,31,10,10
block118,118,5,10,22712.49609,43.007208,-83.703648,41250,35464,117,773,227,0,0,38,0,4,8,0,16,0,45,35,0,32,19,30,0,0,0,0,0,0,0,0,546,8,106,42,0,29,31,7,41,59,26,32,8,45,86,13,0,0,0,0,0,3,10,0,335,110,10,10,35,10,8,16,10,17,10,57,42,10,37,22,30,10,10,10,10,10,10,10,10,250,15,115,42,10,37,46,15,48,64,43,39,19,49,59,21,10,10,10,10,10,12,18,10
block119,119,8,2,6434.226563,43.001267,-83.719109,16298,10838,118,594,248,0,39,0,0,0,0,0,0,13,0,42,24,63,48,1,0,10,0,0,8,0,0,0,346,14,0,49,0,0,0,0,58,42,0,9,56,1,18,35,23,13,0,10,9,0,9,0,218,101,10,61,10,10,10,10,10,10,21,10,54,24,62,42,4,10,14,10,10,12,10,10,10,148,22,10,53,10,10,10,10,68,69,10,15,55,2,27,45,26,22,10,14,16,10,15,10
block12,12,1,6,8923.300781,43.067583,-83.700383,17031,13764,11,202,125,0,0,0,0,0,0,0,0,0,60,0,0,7,0,34,0,0,0,10,14,0,0,0,77,0,0,15,0,0,0,0,0,0,0,0,0,0,0,20,23,9,0,0,10,0,0,0,112,72,10,10,10,10,10,10,10,10,10,66,10,10,11,10,31,10,10,10,14,16,10,10,10,60,10,10,25,10,10,10,10,10,10,10,10,10,10,10,23,35,14,10,10,15,10,10,10
block120,120,5,33,131525.7813,43.004249,-83.684511,15083,7755,119,510,297,50,45,14,29,0,0,7,0,36,11,15,19,0,0,52,0,0,0,19,0,0,0,0,213,11,10,7,10,0,0,0,15,10,31,16,42,6,16,0,0,0,0,19,0,20,0,0,184,119,48,44,18,28,10,10,10,10,38,16,22,29,10,10,38,10,10,10,26,10,10,10,10,86,21,15,11,15,10,10,10,25,13,30,18,38,9,25,10,10,10,10,27,10,21,10,10
block121,121,9,52,130874.3477,42.997711,-83.678069,17308,9053,120,850,360,95,12,6,0,0,8,0,13,28,8,12,19,27,28,39,9,6,21,10,8,0,6,5,490,41,36,54,15,0,0,16,13,46,33,39,7,19,31,55,22,6,12,14,9,9,8,5,229,122,71,13,10,10,10,11,10,16,25,9,13,13,28,27,29,12,10,14,11,9,10,9,8,147,31,30,52,25,10,10,19,15,35,24,34,11,25,25,30,20,12,18,13,11,11,7,8
block122,122,9,16,17959.58984,42.99601,-83.689362,30222,14498,121,847,402,65,31,42,0,0,0,0,49,61,19,0,1,61,13,35,0,0,0,25,0,0,0,0,445,0,67,58,34,0,0,0,13,14,53,64,0,12,13,63,0,0,12,26,0,1,15,0,355,195,76,37,45,10,10,10,10,44,61,28,10,3,50,20,52,10,10,10,28,10,10,10,10,226,10,107,65,42,10,10,10,20,23,62,62,10,18,20,64,10,10,19,29,10,4,20,10
block123,123,9,18,36633.61328,42.991169,-83.687468,30129,13185,122,1497,847,65,160,93,59,47,0,0,19,50,35,9,20,137,87,24,0,0,0,13,20,0,9,0,650,82,33,37,9,9,15,0,9,150,69,23,9,38,66,36,0,0,9,0,31,0,0,25,487,337,55,201,84,63,59,10,10,23,49,40,15,22,84,64,27,10,10,10,21,21,10,14,10,228,81,39,47,14,13,25,10,15,140,78,34,15,31,64,33,10,10,15,10,27,10,10,29
block124,124,9,7,13951.1875,42.987244,-83.687875,21528,10143,123,522,199,0,0,0,24,0,11,0,0,16,0,0,51,0,48,23,0,0,0,0,0,14,0,12,323,9,0,0,23,72,0,0,0,9,35,36,63,0,12,0,12,12,0,0,12,15,13,0,212,112,10,10,10,37,10,18,10,10,19,10,10,53,10,63,27,10,10,10,10,10,22,10,19,156,14,10,10,34,77,10,10,10,14,55,55,71,10,19,10,19,18,10,10,19,23,20,10
block125,125,9,15,205261.7031,42.984049,-83.688417,26682,8027,124,809,372,0,0,43,27,27,0,0,0,0,18,24,44,56,77,9,0,1,0,0,12,11,11,12,437,43,9,9,9,10,0,0,0,33,9,13,23,35,0,64,1,36,0,12,54,13,12,52,257,154,10,10,45,40,41,10,10,10,10,22,27,51,63,71,15,10,11,10,10,18,17,20,20,139,64,15,15,14,15,10,10,10,50,15,21,25,41,10,55,11,56,10,18,41,19,19,39
block126,126,2,15,205261.7031,43.055939,-83.733208,35769,9732,13,822,407,22,13,58,16,31,0,31,0,32,15,31,16,16,12,0,0,44,15,6,28,8,13,0,415,10,8,56,8,58,0,0,0,18,37,45,36,0,36,37,18,8,0,0,19,6,7,8,290,173,35,15,51,20,38,10,48,10,30,23,36,18,20,18,10,10,40,16,11,19,12,14,10,137,18,12,40,14,64,10,10,10,30,39,39,41,10,30,24,21,13,10,10,17,10,11,11
block127,127,2,15,205261.7031,43.037496,-83.732857,34324,14798,41,1484,529,0,75,57,0,27,34,0,18,60,0,28,0,57,19,31,8,41,18,0,0,47,9,0,955,114,74,117,5,1,0,0,0,97,22,68,23,50,69,56,74,19,0,40,49,41,18,18,460,216,10,119,80,10,43,52,10,30,58,10,34,10,60,22,30,14,55,21,10,10,36,15,10,302,113,70,99,6,2,10,10,10,86,36,83,35,48,59,56,57,21,10,39,53,32,21,21
block128,128,6,15,205261.7031,43.008336,-83.738664,27766,8684,57,1426,646,30,76,127,0,0,0,0,12,31,62,104,29,36,65,38,0,0,0,0,22,0,0,14,780,0,154,47,15,0,0,34,68,60,62,111,25,13,39,82,0,0,0,13,26,0,14,17,483,288,33,66,129,10,10,10,10,19,49,67,118,31,33,60,48,10,10,10,10,24,10,10,21,255,10,110,57,25,10,10,53,73,78,69,90,40,21,44,75,10,10,10,20,30,10,21,26
block129,129,8,10,14208.44141,42.989402,-83.698805,23962,10854,125,816,315,73,0,0,0,15,14,0,0,22,13,0,38,25,16,0,0,0,0,74,25,0,0,0,501,0,64,71,89,0,0,0,19,14,0,60,0,25,13,0,48,82,0,0,16,0,0,0,385,127,91,10,10,10,22,22,10,10,35,25,10,48,37,29,10,10,10,10,95,44,10,10,10,282,10,78,88,116,10,10,10,31,27,10,76,10,40,25,10,57,108,10,10,25,10,10,10
block13,13,1,14,41829.67578,43.064223,-83.699208,17230,3925,12,741,347,40,0,46,67,0,0,0,9,34,31,17,45,0,7,22,0,0,21,8,0,0,0,0,394,9,37,19,25,0,0,9,9,48,16,27,29,18,57,8,0,7,33,9,18,8,8,0,278,146,30,10,48,51,10,10,10,14,34,40,18,45,10,10,28,10,10,33,12,10,10,10,10,153,13,44,21,29,10,10,14,13,31,26,24,35,19,45,13,10,12,32,13,29,12,12,10
block130,130,8,23,50143.25391,42.992467,-83.699794,31591,2677,126,1674,861,56,47,86,91,0,0,0,69,0,31,39,84,13,89,142,13,39,0,16,15,15,0,16,813,35,64,0,55,0,0,0,0,68,88,89,40,47,147,0,0,73,0,15,43,17,16,16,794,466,90,77,102,114,10,10,10,109,10,38,61,116,22,79,195,20,38,10,25,25,24,10,24,371,55,73,10,87,10,10,10,10,85,100,99,43,54,124,10,10,102,10,24,52,28,25,25
block131,131,8,15,41303.71484,42.98498,-83.696047,19567,4012,127,640,293,0,15,33,0,0,0,0,0,118,0,0,0,35,0,25,0,22,14,0,0,0,16,15,347,55,70,0,0,0,0,0,0,73,0,9,34,21,0,52,0,0,0,0,0,17,0,16,406,152,10,26,45,10,10,10,10,10,119,10,10,10,47,10,31,10,37,24,10,10,10,25,23,292,90,96,10,10,10,10,10,10,98,10,19,46,36,10,80,10,10,10,10,10,26,10,24
block132,132,8,5,32535.16797,42.985984,-83.701289,23724,6739,128,788,320,23,0,77,0,0,0,0,18,59,35,0,0,10,14,23,0,0,0,0,17,0,14,30,468,57,0,0,73,0,0,0,90,19,0,0,92,22,20,0,0,16,14,0,0,18,30,17,408,174,37,10,114,10,10,10,10,29,93,56,10,10,20,23,37,10,10,10,10,25,10,23,34,251,69,10,10,107,10,10,10,102,32,10,10,112,36,32,10,10,25,21,10,10,30,35,27
block133,133,8,7,104888.918,42.984272,-83.707644,0,0,129,1636,787,76,9,175,0,144,46,0,65,0,0,24,30,0,33,50,59,0,34,11,16,15,0,0,849,70,0,88,96,0,0,38,37,9,0,147,0,0,111,120,28,0,0,59,33,0,0,13,582,341,100,18,172,10,152,76,10,82,10,10,30,54,10,40,61,63,10,41,19,27,24,10,10,366,111,10,137,101,10,10,60,60,20,10,120,10,10,131,73,47,10,10,48,39,10,10,22
block134,134,5,7,83146.44141,43.029794,-83.690427,10920,4220,130,1669,773,0,41,19,58,53,24,62,64,55,27,35,36,55,44,126,22,19,20,6,7,0,0,0,896,19,37,44,55,47,10,10,128,88,39,53,52,48,114,65,10,23,0,13,34,0,0,7,170,184,10,45,18,59,45,30,50,52,57,23,35,38,46,42,52,20,18,17,9,10,10,10,10,182,20,28,71,47,48,16,16,78,60,38,52,31,30,58,42,12,34,10,14,24,10,10,11
block135,135,3,6,91009.92188,43.060565,-83.681017,0,0,132,0,0,0,0,0,0,0,0,0,0,0,0,0,0,0,0,0,0,0,0,0,0,0,0,0,0,0,0,0,0,0,0,0,0,0,0,0,0,0,0,0,0,0,0,0,0,0,0,0,10,10,10,10,10,10,10,10,10,10,10,10,10,10,10,10,10,10,10,10,10,10,10,10,10,10,10,10,10,10,10,10,10,10,10,10,10,10,10,10,10,10,10,10,10,10,10,10,10
block14,14,2,15,315710.5273,43.056051,-83.729991,35769,9732,13,822,407,22,13,58,16,31,0,31,0,32,15,31,16,16,12,0,0,44,15,6,28,8,13,0,415,10,8,56,8,58,0,0,0,18,37,45,36,0,36,37,18,8,0,0,19,6,7,8,290,173,35,15,51,20,38,10,48,10,30,23,36,18,20,18,10,10,40,16,11,19,12,14,10,137,18,12,40,14,64,10,10,10,30,39,39,41,10,30,24,21,13,10,10,17,10,11,11
block15,15,2,0,0,43.057941,-83.726333,27750,12449,14,822,353,0,57,37,22,0,41,0,31,5,9,32,11,31,0,18,0,36,0,7,16,0,0,0,469,20,34,49,7,13,0,0,16,9,87,7,6,33,28,8,9,46,33,24,7,6,8,19,327,175,10,52,37,33,10,49,10,47,11,16,40,15,32,10,31,10,28,10,10,16,10,10,10,203,23,43,44,13,19,10,10,21,14,64,13,11,42,41,12,15,61,33,21,11,8,12,29
block16,16,2,27,90106.30859,43.057913,-83.718809,21250,15750,15,375,240,35,25,0,0,0,0,26,9,43,0,13,0,8,28,7,0,7,0,8,0,31,0,0,135,0,0,0,0,0,0,0,8,26,0,0,0,29,0,29,19,8,9,0,7,0,0,0,171,115,42,37,10,10,10,10,29,16,50,10,18,10,14,30,11,10,12,10,11,10,38,10,10,72,10,10,10,10,10,10,10,13,39,10,10,10,48,10,35,20,12,14,10,11,10,10,10
block17,17,2,2,5502.929688,43.057729,-83.711768,44844,12688,16,275,132,0,13,0,0,0,13,0,0,16,0,16,15,0,7,0,0,13,18,9,0,12,0,0,143,18,0,0,0,14,10,0,0,7,0,13,0,0,13,25,8,22,0,13,0,0,0,0,228,125,10,23,10,10,10,21,10,10,35,10,23,31,10,11,10,10,27,20,17,10,17,10,10,118,31,10,10,10,24,17,10,10,11,10,23,10,10,18,27,14,34,10,17,10,10,10,10
block18,18,2,3,8297.976563,43.057587,-83.707394,0,0,17,423,161,0,0,39,0,0,0,0,0,28,0,27,0,0,18,20,9,10,10,0,0,0,0,0,262,0,10,0,0,47,0,0,15,11,0,0,50,0,23,15,0,9,0,40,25,0,17,0,244,99,10,10,32,10,10,10,10,10,45,10,42,10,10,27,25,15,17,17,10,10,10,10,10,183,10,16,10,10,64,10,10,23,18,10,10,69,10,35,20,10,14,10,54,44,10,27,10
block19,19,1,1,2734.269531,43.057706,-83.702227,0,0,18,449,203,0,10,9,0,20,0,0,0,0,42,31,0,0,19,25,0,0,30,0,0,17,0,0,246,60,30,0,0,0,0,0,0,30,0,0,0,19,15,56,0,9,0,0,27,0,0,0,374,124,10,15,15,10,32,10,10,10,10,70,47,10,10,26,27,10,10,48,10,10,26,10,10,285,146,58,10,10,10,10,10,10,64,10,10,10,22,22,47,10,16,10,10,30,10,10,10
block2,2,1,0,0,43.071036,-83.721603,29880,7834,1,863,424,32,0,0,19,0,0,43,0,33,53,44,32,55,11,0,25,9,28,12,28,0,0,0,439,80,31,15,0,15,0,0,33,40,39,0,15,22,0,28,0,18,19,18,10,38,18,0,323,168,43,10,10,30,10,10,47,10,55,62,35,44,53,18,10,26,14,37,17,27,10,10,10,218,117,47,24,10,23,10,10,49,40,51,10,24,35,10,25,10,19,28,17,17,35,21,10
block20,20,1,15,25982.65234,43.057809,-83.697135,42852,14189,19,491,291,11,0,42,0,0,0,0,25,23,36,69,18,19,28,2,1,3,0,1,12,1,0,0,200,0,0,0,0,21,0,0,0,11,0,0,48,0,23,18,0,40,0,13,12,14,0,0,299,172,18,10,62,10,10,10,10,40,39,46,81,31,25,43,4,3,4,10,2,18,2,10,10,144,10,10,10,10,26,10,10,10,16,10,10,69,10,29,30,10,60,10,18,20,24,10,10
block21,21,2,13,37486.51172,43.052359,-83.726988,24698,21494,20,329,97,20,0,0,0,0,0,0,0,52,0,0,0,0,0,10,0,0,0,0,15,0,0,0,232,0,42,0,0,0,0,0,0,34,9,53,10,11,0,7,23,0,0,43,0,0,0,0,210,75,34,10,10,10,10,10,10,10,61,10,10,10,10,10,16,10,10,10,10,25,10,10,10,165,10,50,10,10,10,10,10,10,48,16,73,17,17,10,12,34,10,10,58,10,10,10,10
block22,22,2,1,1766.3125,43.052154,-83.717964,16837,3596,21,555,261,9,15,44,0,0,0,27,0,15,0,0,0,13,65,0,26,32,15,0,0,0,0,0,294,0,13,52,19,18,0,14,0,0,16,30,11,55,31,11,8,7,0,0,0,9,0,0,265,141,15,25,36,10,10,10,37,10,24,10,10,10,22,81,10,39,54,24,10,10,10,10,10,146,10,23,46,25,25,10,22,10,10,26,32,19,82,28,18,14,13,10,10,10,15,10,10
block23,23,2,4,3793.515625,43.048464,-83.715932,0,0,22,250,10,0,0,0,0,0,0,0,0,0,0,0,0,0,0,10,0,0,0,0,0,0,0,0,240,0,0,7,7,0,0,0,0,0,0,50,7,0,66,27,0,18,15,0,0,0,43,0,192,16,10,10,10,10,10,10,10,10,10,10,10,10,10,10,16,10,10,10,10,10,10,10,10,193,10,10,13,13,10,10,10,10,10,10,62,12,10,69,38,10,28,24,10,10,10,53,10
block24,24,2,24,45895.95313,43.04828,-83.727695,20592,16845,23,908,535,95,82,0,0,56,0,0,0,25,81,0,100,19,27,34,0,0,16,0,0,0,0,0,373,35,22,88,0,0,0,0,0,40,37,48,0,26,21,32,9,0,0,0,0,0,15,0,357,212,81,61,10,10,62,10,10,10,40,67,10,73,30,44,32,10,10,27,10,10,10,10,10,172,42,35,87,10,10,10,10,10,45,37,51,10,39,33,40,14,10,10,10,10,10,24,10
block25,25,2,4,4652.234375,43.04829,-83.720918,29048,18136,24,351,191,41,20,57,10,0,0,0,0,35,0,0,0,0,28,0,0,0,0,0,0,0,0,0,160,0,0,0,0,21,0,0,0,20,0,0,21,12,38,10,0,0,0,23,15,0,0,0,217,139,62,38,76,17,10,10,10,10,49,10,10,10,10,44,10,10,10,10,10,10,10,10,10,97,10,10,10,10,38,10,10,10,29,10,10,38,19,44,16,10,10,10,33,22,10,10,10
block26,26,3,6,15720.30078,43.04861,-83.702615,0,0,25,449,257,13,35,0,25,16,0,0,10,0,0,0,15,0,58,29,32,13,0,0,0,0,6,5,192,0,0,8,0,0,0,0,20,35,22,0,0,0,27,7,0,7,0,0,33,6,0,27,144,111,20,27,10,24,24,10,10,15,10,10,10,21,10,35,35,27,19,10,10,10,10,9,10,72,10,10,11,10,10,10,10,32,42,32,10,10,10,21,10,10,10,10,10,29,9,10,19
block27,27,3,4,5802.015625,43.05183,-83.699996,22098,10009,26,410,231,0,19,0,0,0,0,10,10,1,10,0,51,1,16,33,20,35,6,5,7,6,0,1,179,0,22,0,0,14,0,0,0,8,0,8,14,0,37,29,14,0,0,7,6,6,14,0,144,97,10,23,10,10,10,10,16,17,2,14,10,36,3,15,40,23,35,9,7,9,9,10,2,76,10,23,10,10,21,10,10,10,13,10,12,20,10,29,27,20,10,10,10,9,10,15,10
block28,28,2,19,44008.83984,43.042304,-83.72977,45458,12477,27,446,221,24,0,0,0,0,0,0,0,0,40,0,10,0,0,50,9,55,0,21,0,0,0,12,225,19,0,22,0,0,3,0,0,30,11,0,14,0,18,45,0,12,26,13,0,0,0,12,185,97,28,10,10,10,10,10,10,10,10,51,10,16,10,10,44,15,51,10,22,10,10,10,19,104,28,10,36,10,10,10,10,10,34,17,10,21,10,24,31,10,18,34,20,10,10,10,20
block29,29,2,0,0,43.042377,-83.725019,40074,28388,28,494,244,22,0,10,11,26,17,0,42,29,0,0,9,9,6,31,10,0,12,10,0,0,0,0,250,14,11,0,37,0,0,12,21,32,0,10,22,0,32,11,10,11,10,0,0,7,10,0,277,135,24,10,16,17,41,24,10,48,31,10,10,15,15,11,37,16,10,19,16,10,10,10,10,154,23,18,10,57,10,10,20,23,37,10,16,24,10,33,18,15,17,17,10,10,12,16,10
block3,3,1,1,2768.703125,43.072522,-83.716819,32188,31355,2,762,356,0,13,0,0,59,0,62,0,77,18,0,5,8,48,11,0,0,0,0,23,28,4,0,406,27,0,34,0,0,0,0,0,0,70,0,46,24,0,26,18,45,0,32,63,12,9,0,283,185,10,22,10,10,69,10,84,10,75,30,10,11,16,67,17,10,10,10,10,28,30,7,10,139,48,10,43,10,10,10,10,10,10,70,10,45,39,10,30,27,53,10,32,58,16,14,10
block30,30,2,4,9110.957031,43.042498,-83.717556,52847,24944,29,958,483,0,61,119,33,0,0,0,20,0,0,1,33,45,9,59,6,12,27,46,0,0,0,12,475,42,75,56,0,0,0,0,0,0,60,66,37,41,0,34,6,0,34,12,0,12,0,0,434,283,10,55,145,53,10,10,10,30,10,10,8,46,58,15,59,11,20,42,43,10,10,10,18,215,65,62,82,10,10,10,10,10,10,68,60,46,50,10,30,10,10,30,20,10,20,10,10
block31,31,2,4,5514.515625,43.036652,-83.724561,0,0,30,777,441,45,65,49,0,37,0,45,0,36,0,0,23,35,12,44,0,0,23,9,5,13,0,0,336,0,78,33,0,36,0,0,0,0,62,72,0,0,22,18,0,6,0,0,0,9,0,0,399,237,54,68,55,10,56,10,74,10,60,10,10,30,41,18,56,10,10,36,16,10,19,10,10,212,10,75,52,10,49,10,10,10,10,60,60,10,10,28,23,10,10,10,10,10,14,10,10
block32,32,2,23,11470.90625,43.035049,-83.716752,0,0,31,418,145,0,0,6,8,6,0,0,20,0,0,0,32,25,6,14,8,9,11,0,0,0,0,0,273,0,0,13,0,0,0,24,35,15,14,0,64,36,0,12,12,8,17,11,12,0,0,0,186,91,10,10,12,13,12,10,10,30,10,10,10,48,40,11,23,13,14,18,10,10,10,10,10,138,10,10,20,10,10,10,31,55,23,23,10,57,37,10,20,20,13,23,18,19,10,10,10
block33,33,2,0,0,43.045161,-83.709216,23092,12134,32,451,217,5,36,24,0,0,0,0,0,14,8,6,0,22,25,38,5,0,6,19,8,1,0,0,234,28,22,0,34,0,0,0,12,27,0,0,5,0,20,29,13,14,13,0,0,0,12,5,204,103,9,34,25,10,10,10,10,10,22,11,10,10,34,37,37,8,10,8,22,12,2,10,10,107,41,37,10,40,10,10,10,19,32,10,10,8,10,24,29,13,22,15,10,10,10,14,8
block34,34,2,2,4688.421875,43.041161,-83.708374,21481,7591,33,731,337,16,0,34,69,19,0,19,14,0,17,11,19,34,7,32,8,15,6,6,11,0,0,0,394,36,38,16,34,16,0,0,24,30,0,27,0,38,37,7,0,0,21,6,22,36,0,6,306,147,27,10,35,52,31,10,31,23,10,28,17,32,33,11,27,12,15,9,9,16,10,10,10,184,41,52,26,33,26,10,10,29,46,10,31,10,35,43,11,10,10,25,9,23,32,10,9
block35,35,5,3,14371.91406,43.037385,-83.708553,14537,11744,34,246,85,27,0,14,0,0,0,0,0,0,0,0,9,0,7,8,20,0,0,0,0,0,0,0,161,0,31,0,15,28,0,0,18,14,0,14,0,0,15,7,0,15,0,0,0,4,0,0,150,50,30,10,22,10,10,10,10,10,10,10,10,17,10,11,11,30,10,10,10,10,10,10,10,113,10,44,10,24,46,10,10,21,17,10,22,10,10,15,14,10,16,10,10,10,6,10,10
block36,36,5,7,9427.394531,43.033652,-83.708651,23958,19578,35,645,348,0,4,15,24,29,0,0,0,0,44,18,45,40,23,23,25,6,0,0,44,0,0,8,297,13,11,21,10,6,19,7,7,0,11,25,0,37,34,25,0,9,0,5,12,38,0,7,221,137,10,7,18,28,32,10,10,10,10,40,16,33,41,29,29,24,10,10,10,43,10,10,12,112,23,13,22,16,9,30,12,10,10,18,19,10,36,44,19,10,11,10,7,12,24,10,10
block37,37,3,26,42065.91797,43.043493,-83.696817,0,0,36,356,66,0,28,0,17,0,0,0,0,0,0,0,0,0,0,21,0,0,0,0,0,0,0,0,290,0,0,19,61,0,0,0,45,0,0,20,9,12,24,12,0,0,14,0,31,32,11,0,114,52,10,45,10,28,10,10,10,10,10,10,10,10,10,10,26,10,10,10,10,10,10,10,10,115,10,10,26,88,10,10,10,55,10,10,29,14,21,25,20,10,10,23,10,30,51,16,10
block38,38,3,0,0,43.042254,-83.701158,31136,25530,37,524,219,0,17,50,50,15,0,0,0,0,0,12,13,0,25,12,0,0,11,0,0,0,14,0,305,0,7,0,38,5,0,0,14,0,60,32,0,32,0,22,0,37,0,0,0,14,11,33,197,104,10,21,47,77,23,10,10,10,10,10,21,18,10,26,18,10,10,17,10,10,10,22,10,120,10,12,10,42,13,10,10,21,10,58,49,10,40,10,24,10,56,10,10,10,20,18,47
block39,39,5,7,19163.07813,43.038181,-83.699574,29808,14385,38,108,60,0,0,0,0,0,0,0,0,0,0,0,0,13,13,0,0,0,0,0,10,14,0,10,48,0,0,0,0,0,0,0,12,0,0,0,0,0,0,0,0,0,0,0,0,24,12,0,77,63,10,10,10,10,10,10,10,10,10,10,10,10,20,21,10,10,10,10,10,16,21,10,17,38,10,10,10,10,10,10,10,19,10,10,10,10,10,10,10,10,10,10,10,10,27,19,10
block4,4,1,6,17358.76563,43.07333,-83.710231,40526,17988,3,566,262,14,0,45,0,0,14,8,26,14,0,25,6,20,45,10,0,0,0,0,7,13,15,0,304,0,29,21,49,0,0,0,0,12,0,20,17,42,13,6,0,25,5,0,30,18,17,0,144,84,21,10,37,10,10,23,15,30,22,10,26,9,19,40,15,10,10,10,10,9,19,15,10,94,10,23,21,42,10,10,10,10,21,10,20,21,31,15,10,10,22,9,10,23,16,20,10
block40,40,5,5,14265.83594,43.033181,-83.699895,40669,14336,39,411,132,0,0,0,0,0,0,0,0,0,0,0,2,27,41,13,0,0,0,0,11,14,12,12,279,0,46,22,0,0,0,0,0,0,0,22,2,0,35,11,10,0,0,0,73,24,0,34,264,87,10,10,10,10,10,10,10,10,10,10,10,6,36,65,21,10,10,10,10,18,22,22,17,192,10,67,34,10,10,10,10,10,10,10,34,4,10,54,15,15,10,10,10,70,31,10,53
block41,41,6,9,7508.601563,43.027419,-83.714892,46583,42474,40,383,231,38,0,22,0,0,11,0,13,0,0,58,0,48,0,8,16,0,8,0,9,0,0,0,152,0,15,24,0,0,0,0,13,0,14,0,21,26,0,0,0,15,15,0,9,0,0,0,215,122,42,10,34,10,10,20,10,21,10,10,54,10,53,10,13,24,10,13,10,14,10,10,10,105,10,25,36,10,10,10,10,20,10,25,10,34,40,10,10,10,23,22,10,15,10,10,10
block42,42,6,3,9348.433594,43.033545,-83.731674,34324,14798,41,1484,529,0,75,57,0,27,34,0,18,60,0,28,0,57,19,31,8,41,18,0,0,47,9,0,955,114,74,117,5,1,0,0,0,97,22,68,23,50,69,56,74,19,0,40,49,41,18,18,460,216,10,119,80,10,43,52,10,30,58,10,34,10,60,22,30,14,55,21,10,10,36,15,10,302,113,70,99,6,2,10,10,10,86,36,83,35,48,59,56,57,21,10,39,53,32,21,21
block43,43,6,0,0,43.031015,-83.724717,25096,19509,42,934,491,19,87,0,42,0,0,0,0,50,34,89,47,0,0,28,0,0,24,25,0,36,10,0,443,0,9,17,25,23,28,0,44,28,0,103,10,0,24,37,0,24,52,0,19,0,0,0,336,207,34,68,10,45,10,10,10,10,58,46,77,48,10,10,41,10,10,37,38,10,36,16,10,176,10,16,25,37,30,41,10,69,38,10,91,17,10,43,39,10,33,43,10,20,10,10,10
block44,44,6,0,0,43.029235,-83.719358,28452,8636,43,681,325,23,0,0,0,13,59,0,59,10,0,15,53,0,20,25,10,9,0,20,0,0,0,9,356,80,0,0,0,0,0,47,53,31,0,0,62,0,18,18,0,8,31,0,0,0,8,0,452,229,38,10,10,10,20,81,10,81,19,10,23,61,10,23,30,17,14,10,32,10,10,10,15,236,86,10,10,10,10,10,65,48,50,10,10,67,10,22,21,10,13,33,10,10,10,12,10
block45,45,6,19,59961.30859,43.028661,-83.734641,31808,5493,44,791,317,40,37,10,0,0,0,0,16,24,10,30,0,20,61,13,12,0,12,23,9,0,0,0,474,36,0,28,92,40,0,0,6,11,40,7,34,44,0,23,21,24,0,25,10,10,23,0,255,120,45,42,18,10,10,10,10,25,29,15,44,10,32,69,20,20,10,19,25,14,10,10,10,170,54,10,41,70,46,10,10,11,16,38,13,41,53,10,26,24,25,10,28,16,16,24,10
block46,46,6,14,32719.12109,43.02648,-83.727346,0,0,45,815,379,50,17,22,0,12,0,0,17,45,13,0,40,9,39,38,0,30,0,10,0,25,12,0,436,49,28,47,0,0,0,0,53,40,24,0,49,12,42,9,11,36,0,12,0,0,0,24,327,156,88,25,41,10,20,10,10,25,53,20,10,42,15,36,35,10,46,10,17,10,28,18,10,239,58,42,50,10,10,10,10,53,46,45,10,42,19,38,14,18,34,10,19,10,10,10,27
block47,47,6,12,13088.34375,43.02479,-83.723123,41125,27312,46,689,306,0,29,80,13,48,0,0,8,14,0,24,16,43,21,0,0,0,0,0,0,0,10,0,383,20,81,0,12,73,0,15,0,0,34,44,39,0,12,30,0,0,0,0,13,10,0,0,353,159,10,36,61,21,73,10,10,14,24,10,27,20,31,34,10,10,10,10,10,10,10,16,10,215,32,97,10,21,83,10,25,10,10,49,36,35,10,19,47,10,10,10,10,19,16,10,10
block48,48,6,2,2538.855469,43.02292,-83.716807,37372,24479,47,418,182,0,7,7,0,0,0,0,13,17,7,0,22,0,5,13,12,0,35,10,0,34,0,0,236,0,41,34,0,0,0,0,10,30,8,0,40,0,30,10,0,14,0,9,9,0,0,1,191,81,10,11,11,10,10,10,10,21,25,11,10,25,10,7,20,18,10,40,16,10,49,10,10,164,10,55,54,10,10,10,10,15,50,13,10,48,10,23,15,10,20,10,13,14,10,10,2
block49,49,5,0,0,43.027938,-83.709276,24028,16870,48,281,114,0,0,16,35,0,0,0,19,0,9,0,16,0,0,0,0,0,6,0,0,7,6,0,167,0,27,22,14,0,0,0,0,0,35,18,7,8,0,6,0,11,6,7,6,0,0,0,168,83,10,10,25,35,10,10,10,23,10,16,10,20,10,10,10,10,10,10,10,10,9,10,10,114,10,34,33,16,10,10,10,10,10,36,27,13,14,10,9,10,12,9,11,9,10,10,10
block5,5,1,9,21693.56641,43.073021,-83.700533,10815,9408,4,192,98,0,11,16,0,0,0,0,0,8,0,0,21,10,7,11,0,0,0,0,6,0,0,8,94,9,0,0,0,16,0,0,6,0,0,0,33,0,0,5,0,0,0,5,7,13,0,0,105,54,10,17,27,10,10,10,10,10,14,10,10,25,15,9,12,10,10,10,10,9,10,10,11,65,13,10,10,10,28,10,10,10,10,10,10,34,10,10,10,10,10,10,7,10,13,10,10
block50,50,5,2,1645.285156,43.027928,-83.704528,46250,24178,49,328,187,9,0,22,0,0,0,21,0,27,24,0,4,0,22,11,17,0,0,13,17,0,0,0,141,11,8,0,16,0,0,0,0,8,16,0,7,0,13,37,0,0,0,0,18,0,7,0,147,83,13,10,28,10,10,10,22,10,28,24,10,9,10,20,15,20,10,10,14,27,10,10,10,73,18,11,10,27,10,10,10,10,11,17,10,12,10,16,23,10,10,10,10,29,10,9,10
block51,51,5,18,63857.37109,43.026796,-83.699402,29464,15142,50,550,268,0,21,0,0,0,0,0,16,28,16,18,24,36,10,22,24,10,0,7,0,0,0,36,282,9,7,0,0,0,8,0,9,32,9,41,33,8,20,22,0,0,6,22,43,0,0,13,152,102,10,35,10,10,10,10,10,25,45,25,18,37,31,15,25,38,16,10,11,10,10,10,44,77,15,12,10,10,10,12,10,18,30,15,38,40,13,28,22,10,10,9,23,33,10,10,14
block52,52,5,3,8452.976563,43.023979,-83.710481,21827,4387,51,573,404,63,65,35,0,34,8,13,30,11,19,13,18,7,31,30,0,0,0,6,5,16,0,0,169,8,0,19,6,0,0,2,19,37,11,0,0,13,20,19,15,0,0,0,0,0,0,0,202,163,41,44,37,10,23,10,20,38,16,27,18,19,10,30,25,10,10,10,10,8,22,10,10,62,13,10,19,10,10,10,5,20,22,18,10,10,21,17,28,20,10,10,10,10,10,10,10
block53,53,5,13,52564.78516,43.018795,-83.704487,25833,13694,52,208,111,10,0,7,22,6,2,0,0,7,0,6,2,19,0,13,0,0,6,0,11,0,0,0,97,13,0,0,14,0,0,8,0,9,5,0,14,0,0,21,0,0,0,0,0,13,0,0,108,42,17,10,14,15,10,6,10,10,10,10,10,5,18,10,16,10,10,9,10,18,10,10,10,80,20,10,10,23,10,10,16,10,16,9,10,24,10,10,25,10,10,10,10,10,13,10,10
block54,54,5,9,23258.23828,43.016153,-83.709606,19583,16462,53,477,343,0,22,22,8,15,3,57,56,7,20,15,53,26,7,14,6,0,6,0,0,0,0,6,134,0,23,0,21,0,7,6,0,0,0,0,27,9,6,6,0,10,7,12,0,0,0,0,244,190,10,36,36,12,14,8,88,52,10,32,25,48,41,9,17,9,10,9,10,10,10,10,9,91,10,38,10,34,10,11,10,10,10,10,10,38,13,11,9,10,14,10,19,10,10,10,10
block55,55,6,1,1657.179688,43.019803,-83.726913,25174,11740,54,1087,540,0,32,13,79,13,0,22,48,6,83,0,7,16,55,11,56,44,0,0,0,0,15,40,547,12,0,30,0,40,0,0,38,0,22,12,0,70,67,84,54,12,41,35,0,16,14,0,369,211,10,51,20,87,21,10,34,78,12,64,10,16,25,71,18,67,67,10,10,10,10,24,62,200,19,10,23,10,62,10,10,61,10,24,20,10,67,68,49,68,19,63,28,10,26,21,10
block56,56,6,0,0,43.018813,-83.718001,17536,10963,55,609,331,38,14,105,32,0,0,0,0,0,10,31,18,11,72,0,0,0,0,0,0,0,0,0,278,53,16,17,15,0,0,0,42,0,0,29,0,47,47,0,0,0,0,0,0,12,0,0,435,240,62,22,128,51,10,10,10,10,10,15,36,30,18,76,10,10,10,10,10,10,10,10,10,210,86,25,25,23,10,10,10,67,10,10,32,10,75,58,10,10,10,10,10,10,20,10,10
block57,57,6,4,4083.222656,43.014635,-83.718225,29265,19354,56,1359,711,53,128,75,16,45,57,52,65,39,19,28,12,0,27,55,0,13,0,0,0,0,27,0,648,57,0,13,0,121,45,20,64,23,68,24,23,11,45,23,25,14,0,12,46,0,14,0,327,200,43,136,70,20,47,55,49,55,37,29,26,20,10,31,58,10,20,10,10,10,10,30,10,157,73,10,21,10,56,43,23,71,25,72,28,26,18,57,26,28,21,10,20,41,10,21,10
block58,58,6,4,46113.97656,43.00977,-83.732837,27766,8684,57,1426,646,30,76,127,0,0,0,0,12,31,62,104,29,36,65,38,0,0,0,0,22,0,0,14,780,0,154,47,15,0,0,34,68,60,62,111,25,13,39,82,0,0,0,13,26,0,14,17,483,288,33,66,129,10,10,10,10,19,49,67,118,31,33,60,48,10,10,10,10,24,10,10,21,255,10,110,57,25,10,10,53,73,78,69,90,40,21,44,75,10,10,10,20,30,10,21,26
block59,59,6,2,11261.51563,43.010296,-83.726727,21888,19031,58,445,207,0,20,0,0,0,0,0,11,0,0,32,37,0,35,23,13,36,0,0,0,0,0,0,238,32,0,0,0,0,0,0,12,14,14,0,54,0,0,36,24,0,0,0,24,14,0,14,128,96,10,33,10,10,10,10,10,17,10,10,51,45,10,56,36,20,57,10,10,10,10,10,10,94,37,10,10,10,10,10,10,20,22,21,10,48,10,10,42,39,10,10,10,27,23,10,22
block6,6,1,0,0,43.070206,-83.709747,25221,5620,5,336,144,24,11,14,0,0,23,0,0,8,9,19,0,0,7,0,19,0,0,0,10,0,0,0,192,19,6,14,5,0,0,0,12,6,19,7,10,0,22,15,0,9,0,6,6,6,14,16,115,56,24,13,22,10,10,25,10,10,13,14,21,10,10,11,10,16,10,10,10,11,10,10,10,75,29,9,20,9,10,10,10,19,9,24,10,15,10,20,17,10,14,10,9,9,9,15,20
block60,60,3,12,40360.69141,43.072177,-83.688904,18382,4868,59,410,196,17,22,3,0,7,0,0,8,0,0,4,23,7,20,8,12,0,13,8,5,10,9,20,214,7,46,4,0,0,16,0,0,26,24,0,20,0,38,11,0,7,0,0,5,6,4,0,141,73,28,26,6,10,11,10,10,14,10,10,7,18,13,18,13,15,10,20,14,8,16,13,23,94,14,43,7,10,10,17,10,10,34,28,10,23,10,25,12,10,11,10,10,8,10,7,10
block61,61,3,18,50385.375,43.066022,-83.684401,23500,6523,60,1074,334,28,16,20,24,0,0,12,0,0,0,19,44,39,17,31,17,20,14,0,5,26,2,0,740,80,16,104,72,23,0,0,41,59,56,54,54,48,35,31,8,23,14,0,4,7,11,0,278,95,34,26,29,34,10,10,18,10,10,10,27,38,45,18,24,18,30,22,10,7,24,6,10,254,63,24,105,60,28,10,10,64,44,50,42,48,45,28,21,12,23,22,10,7,10,11,10
block62,62,3,9,69865.46875,43.072642,-83.668175,34013,21549,61,610,308,0,24,68,9,0,22,30,8,25,0,20,24,17,27,7,0,19,0,0,8,0,0,0,302,0,0,12,54,0,0,0,0,37,12,21,71,15,15,6,19,0,15,0,0,9,9,7,198,103,10,38,61,13,10,31,47,14,27,10,31,31,26,28,11,10,23,10,10,12,10,10,10,104,10,10,21,51,10,10,10,10,41,21,32,46,21,18,10,23,10,23,10,10,12,12,10
block63,63,3,2,10199.22266,43.069225,-83.66516,13892,2487,62,1503,661,155,203,63,2,25,0,0,44,0,83,24,0,6,7,34,0,0,9,0,0,0,0,6,842,236,106,29,20,0,88,62,49,117,36,0,21,8,16,33,0,0,0,0,21,0,0,0,352,211,86,82,59,6,39,10,10,54,10,76,24,10,10,11,29,10,10,12,10,10,10,10,10,227,121,65,40,31,10,70,53,48,63,36,10,33,12,17,30,10,10,10,10,19,10,10,10
block64,64,3,2,10106.5625,43.065347,-83.653562,15625,11706,63,1092,397,110,0,0,21,21,5,0,44,45,0,23,12,44,32,5,0,20,0,1,9,5,0,0,695,108,43,48,71,19,22,0,154,24,2,40,46,24,32,4,0,31,1,10,11,5,0,0,314,170,92,10,10,30,30,8,10,59,48,10,32,14,41,33,8,10,16,10,2,10,9,10,10,230,88,49,72,56,27,36,10,88,24,3,41,69,30,30,7,10,27,2,12,12,8,10,10
block65,65,3,1,13291.03516,43.059665,-83.658668,14415,2562,64,750,384,116,12,8,27,0,0,0,38,17,0,19,0,47,42,25,5,5,0,0,5,18,0,0,366,45,21,60,14,0,31,0,32,22,29,17,21,7,7,10,11,17,0,5,5,12,0,0,302,177,99,19,14,32,10,10,10,61,28,10,20,10,40,38,32,8,8,10,10,9,22,10,10,166,59,26,80,16,10,49,10,39,25,35,17,33,11,10,11,14,19,10,7,9,13,10,10
block66,66,4,17,146195.5742,43.05681,-83.650798,20833,12891,65,950,506,68,59,34,17,0,6,0,37,71,8,42,42,47,33,7,0,5,0,11,19,0,0,0,444,41,18,31,5,5,7,7,8,51,16,7,55,68,44,19,6,5,23,0,11,17,0,0,259,161,50,44,36,18,10,10,10,38,48,12,41,44,40,23,10,10,10,10,14,17,10,10,10,141,42,22,32,7,6,11,12,12,43,17,10,48,70,44,18,9,8,18,10,13,17,10,10
block67,67,3,27,50872.07031,43.057839,-83.688077,23162,3605,66,511,247,0,0,22,18,0,0,0,9,15,0,0,32,14,13,13,35,12,0,22,30,6,6,0,264,0,6,31,19,7,0,0,13,0,11,12,7,13,19,55,5,6,21,5,5,6,12,11,112,81,10,10,20,17,10,10,10,13,19,10,10,27,22,13,13,25,13,10,20,25,9,8,10,68,10,9,23,16,10,10,10,21,10,12,20,10,16,17,33,9,9,19,8,8,9,13,12
block68,68,3,17,28736.55469,43.048594,-83.690453,0,0,67,436,231,27,17,0,0,0,0,8,1,9,0,29,22,7,23,35,20,17,0,0,0,0,5,11,205,31,33,0,6,0,0,0,0,30,0,6,7,8,18,22,17,6,0,0,5,5,11,0,150,75,24,21,10,10,10,10,13,4,13,10,32,25,10,23,23,31,22,10,10,10,10,9,17,100,28,31,10,9,10,10,10,10,27,10,10,10,11,20,16,19,8,10,10,8,8,17,10
block69,69,3,9,32907.375,43.044723,-83.669502,20052,16187,68,402,284,0,12,47,8,0,25,0,0,0,0,0,0,26,7,123,31,0,5,0,0,0,0,0,118,6,3,7,0,0,0,0,5,8,7,8,16,6,0,0,6,6,8,7,19,0,6,0,196,162,10,14,55,13,10,40,10,10,10,10,10,10,34,12,120,34,10,8,10,10,10,10,10,58,11,6,10,10,10,10,10,8,10,10,13,25,10,10,10,8,11,9,10,23,10,9,10
block7,7,1,7,14272.29297,43.070221,-83.700477,15655,10508,6,401,198,17,7,14,26,0,0,0,27,0,0,0,4,55,26,0,0,15,0,0,7,0,0,0,203,19,15,7,0,15,0,0,0,8,15,8,6,0,30,23,0,15,0,7,13,0,8,14,199,128,18,10,21,30,10,10,10,38,10,10,10,9,60,29,10,10,24,10,10,10,10,10,10,103,22,22,11,10,23,10,10,10,12,22,12,9,10,33,24,10,20,10,10,19,10,11,14
block70,70,3,3,5051.589844,43.040416,-83.672777,44632,17005,69,479,236,17,0,15,0,0,17,0,13,38,19,0,54,17,25,21,0,0,0,0,0,0,0,0,243,78,16,11,0,0,12,0,15,23,0,38,33,0,7,10,0,0,0,0,0,0,0,0,227,110,28,10,20,10,10,25,10,22,32,19,10,44,25,22,16,10,10,10,10,10,10,10,10,137,69,21,15,10,10,17,10,24,23,10,35,30,10,11,14,10,10,10,10,10,10,10,10
block71,71,4,7,7843.570313,43.040567,-83.66806,0,0,70,385,170,2,1,0,10,11,0,0,1,0,43,17,0,26,19,33,0,0,7,0,0,0,0,0,215,0,0,48,0,5,8,0,1,0,44,26,0,20,19,38,6,0,0,0,0,0,0,0,161,76,9,6,10,13,13,10,10,5,10,32,26,10,30,17,30,10,10,10,10,10,10,10,10,133,10,10,72,10,9,13,10,5,10,59,27,10,17,28,27,10,10,10,10,10,10,10,10
block72,72,4,13,14466.93359,43.03613,-83.667948,0,0,71,213,114,0,0,6,9,0,0,0,0,0,0,35,20,0,15,14,0,10,0,0,0,0,0,5,99,0,0,19,10,0,0,0,0,14,0,9,6,7,7,0,15,0,0,0,6,6,0,0,118,74,10,10,9,15,10,10,10,10,10,10,34,31,10,16,15,10,13,10,10,10,10,10,8,64,10,10,30,15,10,10,10,10,15,10,14,9,10,9,10,15,10,10,10,8,9,10,10
block73,73,5,26,24453.6875,43.035699,-83.674878,18250,6922,72,441,231,0,24,24,0,0,0,0,37,1,20,0,11,0,12,25,0,23,17,26,6,5,0,0,210,0,12,44,0,0,13,0,16,21,13,6,8,0,17,38,13,1,0,0,0,0,8,0,151,78,10,36,25,10,10,10,10,30,2,23,10,17,10,13,19,10,24,18,25,8,9,10,10,93,10,17,47,10,10,19,10,25,22,19,9,12,10,17,42,22,3,10,10,10,10,12,10
block74,74,4,40,63210.47656,43.034643,-83.660027,19440,8955,73,398,210,11,20,18,14,0,4,9,2,3,30,0,15,27,25,7,5,13,0,7,0,0,0,0,188,14,8,0,14,0,0,0,0,9,22,13,30,8,6,19,6,10,0,0,9,20,0,0,147,85,16,18,16,15,10,7,12,5,5,28,10,17,25,29,11,9,15,10,10,10,10,10,10,71,16,12,10,15,10,10,10,10,14,24,14,23,9,8,18,9,11,10,10,13,29,10,10
block75,75,4,28,71235.43359,43.042679,-83.661212,21723,12252,74,619,345,8,24,20,6,0,9,0,29,10,31,25,30,61,30,16,0,14,3,3,18,8,0,0,274,7,0,13,12,11,0,18,0,24,25,20,19,52,18,7,11,11,20,3,0,3,0,0,202,122,11,39,22,10,10,19,10,30,16,31,28,26,45,27,13,10,20,6,6,23,15,10,10,101,9,10,20,17,16,10,30,10,32,23,23,21,47,19,8,13,12,17,6,10,6,10,10
block76,76,4,14,23232.51953,43.037646,-83.659849,0,0,75,778,408,44,35,27,7,8,0,0,0,56,10,51,47,28,58,4,0,15,0,12,0,6,0,0,370,30,41,9,13,0,0,11,6,25,26,36,20,40,50,46,0,5,0,0,0,6,6,0,285,152,46,32,24,10,13,10,10,10,37,19,39,44,22,41,6,10,25,10,12,10,10,10,10,150,42,37,14,15,10,10,16,10,28,24,40,29,30,28,44,10,10,10,10,10,8,9,10
block77,77,4,22,411038.2109,43.046619,-83.652842,26469,10979,76,754,406,0,15,0,26,0,0,57,23,106,21,28,0,0,63,44,0,0,0,0,11,12,0,0,348,51,24,0,0,0,24,15,0,0,26,14,0,64,47,22,17,0,10,12,11,0,11,0,258,168,10,25,10,32,10,10,49,34,76,26,28,10,10,48,48,10,10,10,10,16,18,10,10,144,47,49,10,10,10,34,23,10,10,25,25,10,59,52,26,21,10,16,17,18,10,17,10
block78,78,4,4,6001.007813,43.046008,-83.648317,35595,17932,77,992,548,86,57,67,0,0,0,0,0,62,34,12,48,13,39,50,34,0,0,23,12,0,11,0,444,0,19,6,11,60,0,0,0,71,91,37,0,7,25,53,9,0,20,23,12,0,0,0,339,198,85,62,44,10,10,10,10,10,43,31,18,49,20,31,38,31,10,10,22,17,10,17,10,161,10,28,12,17,70,10,10,10,67,64,32,10,12,29,37,14,10,27,23,18,10,10,10
block79,79,4,7,68605.09766,43.046354,-83.640796,21722,6482,78,1312,542,0,76,19,17,0,22,0,19,19,16,47,6,83,33,33,22,69,30,0,11,11,9,0,770,79,0,58,95,0,10,0,31,29,0,73,36,11,92,37,47,62,12,13,11,35,38,1,246,177,10,70,28,26,10,32,10,29,18,15,45,12,60,29,28,25,50,37,10,16,18,15,10,218,50,10,58,64,10,17,10,35,38,10,55,37,20,67,30,45,64,18,20,17,33,36,3
block8,8,1,8,47745.73438,43.064746,-83.727023,19423,14655,7,1160,489,6,0,12,55,22,14,53,0,16,51,51,22,33,67,31,0,0,23,1,11,1,9,11,671,0,31,13,0,27,0,0,53,86,35,43,10,114,43,91,17,0,24,18,32,24,0,10,327,162,10,10,19,59,35,24,73,10,26,78,54,25,38,62,36,10,10,32,4,17,2,15,17,253,10,47,20,10,31,10,10,75,88,43,41,16,97,37,69,27,10,34,20,37,38,10,16
block80,80,7,8,66454.08984,43.028336,-83.677407,37813,18775,79,293,177,0,0,0,0,0,0,9,28,0,14,8,46,0,9,17,33,13,0,0,0,0,0,0,116,0,0,0,0,0,0,31,0,0,0,0,0,0,9,32,12,0,0,13,19,0,0,0,97,66,10,10,10,10,10,10,14,30,10,28,14,46,10,14,25,30,20,10,10,10,10,10,10,48,10,10,10,10,10,10,32,10,10,10,10,10,10,17,25,19,10,10,21,28,10,10,10
block81,81,5,3,7095.542969,43.03167,-83.671442,33472,7498,80,231,96,0,0,0,0,0,0,8,8,4,0,0,0,11,0,30,0,0,0,19,0,7,9,0,135,21,17,0,0,0,0,0,0,0,7,0,0,17,24,7,0,0,33,0,9,0,0,0,100,48,10,10,10,10,10,10,13,15,6,10,10,10,17,10,25,10,10,10,27,10,10,14,10,62,34,18,10,10,10,10,10,10,10,11,10,10,18,24,12,10,10,33,10,14,10,10,10
block82,82,5,9,21464.19922,43.029284,-83.667036,21331,12636,81,727,332,0,9,31,0,0,27,0,0,9,31,30,33,42,23,19,0,43,0,35,0,0,0,0,395,31,9,94,62,23,3,0,4,9,9,26,18,14,32,10,0,36,0,0,0,0,0,15,342,131,10,15,30,10,10,46,10,10,20,44,43,47,40,30,25,10,42,10,51,10,10,10,10,253,46,14,134,59,39,10,10,11,14,16,38,26,23,47,17,10,39,10,10,10,10,10,24
block83,83,4,12,39052.66797,43.029503,-83.663346,0,0,82,447,255,33,8,39,19,0,23,8,0,44,0,0,0,39,12,0,0,6,0,0,24,0,0,0,192,0,29,0,0,17,0,0,23,0,25,19,0,0,13,0,18,18,0,0,0,0,30,0,200,114,49,15,48,24,10,38,13,10,50,10,10,10,56,14,10,10,9,10,10,26,10,10,10,97,10,42,10,10,22,10,10,38,10,38,24,10,10,15,10,21,19,10,10,10,10,43,10
block84,84,4,43,99542.87109,43.029572,-83.658954,28239,7491,83,1043,587,0,66,55,54,40,0,0,18,43,35,56,81,18,61,14,9,6,0,19,12,0,0,0,456,0,13,39,21,19,21,9,0,0,66,21,98,27,37,22,0,13,0,19,31,0,0,0,281,182,10,75,37,46,45,10,10,28,46,46,55,59,21,45,15,13,10,10,27,20,10,10,10,128,10,20,31,33,24,31,16,10,10,49,34,60,38,30,21,10,17,10,27,34,10,10,10
block85,85,4,8,84107.17969,43.039673,-83.648995,18393,5259,84,787,370,18,0,62,0,0,3,22,25,20,27,91,15,3,45,5,0,0,0,11,0,11,0,12,417,20,20,0,0,64,9,0,69,18,0,9,19,34,21,60,10,10,44,0,10,0,0,0,212,141,38,10,38,10,10,7,32,26,26,45,51,24,6,48,10,10,10,10,17,10,17,10,18,126,31,33,10,10,41,15,10,57,37,10,14,30,30,32,36,15,16,53,10,16,10,10,10
block86,86,4,0,0,43.039919,-83.639086,58125,12416,85,1218,494,33,0,22,35,0,24,0,0,52,23,25,0,23,137,3,27,32,15,0,10,9,24,0,724,98,11,24,33,19,0,0,0,34,55,34,0,14,155,51,14,29,18,0,40,42,13,40,352,153,36,10,25,45,10,36,10,10,62,40,45,10,25,64,6,32,31,23,10,16,15,27,10,244,124,17,27,37,34,10,10,10,45,60,39,10,21,71,37,22,29,24,10,29,32,21,38
block87,87,4,16,49366.57031,43.035109,-83.642968,23942,14521,86,1064,611,51,22,28,0,0,0,13,18,44,12,116,0,32,145,36,26,24,12,11,21,0,0,0,453,73,24,24,0,0,0,0,7,81,89,0,6,56,31,25,13,0,12,12,0,0,0,0,319,174,42,30,41,10,10,10,19,26,65,21,71,10,34,91,41,21,26,18,17,21,10,10,10,181,53,28,31,10,10,10,10,18,69,69,10,13,60,28,28,20,10,18,19,10,10,10,10
block88,88,4,27,58017.96875,43.031119,-83.639608,0,0,87,699,355,75,0,10,0,7,0,10,0,75,40,0,11,11,53,52,0,0,0,0,0,11,0,0,344,61,9,0,0,0,0,0,57,9,144,0,17,18,0,9,0,10,0,10,0,0,0,0,337,187,72,10,17,10,13,10,18,10,85,54,10,17,17,67,63,10,10,10,10,10,17,10,10,181,93,16,10,10,10,10,10,48,15,133,10,21,19,10,16,10,15,10,17,10,10,10,10
block89,89,5,11,26258.01953,43.008044,-83.688168,0,0,88,687,552,0,0,0,0,62,24,44,104,71,53,47,53,58,12,24,0,0,0,0,0,0,0,0,135,0,0,0,0,49,0,0,13,17,17,11,0,0,0,28,0,0,0,0,0,0,0,0,153,139,10,10,10,10,45,17,52,39,48,34,32,36,42,17,17,10,10,10,10,10,10,10,10,99,10,10,10,10,86,10,10,13,19,25,16,10,10,10,32,10,10,10,10,10,10,10,10
block9,9,1,1,8407.542969,43.064019,-83.720777,25536,7316,8,1209,577,0,73,59,69,60,0,0,0,97,36,35,22,72,0,16,0,13,0,15,0,10,0,0,632,36,0,46,8,41,0,0,43,49,21,87,49,58,78,30,28,14,0,15,0,19,10,0,358,193,10,70,56,56,80,10,10,10,93,55,39,28,58,10,23,10,19,10,24,10,17,10,10,211,57,10,52,14,45,10,10,58,56,30,69,48,59,64,45,32,22,10,18,10,23,16,10
block90,90,5,126,321838.9844,43.019224,-83.697373,19750,12649,89,1292,741,47,7,0,49,88,51,26,81,98,27,26,10,60,34,81,21,10,10,0,6,9,0,0,551,0,0,18,0,118,57,45,37,69,39,15,32,3,6,43,7,37,0,3,0,0,0,22,242,168,46,10,10,39,70,40,26,45,80,36,31,22,44,31,56,25,12,22,10,9,11,10,10,120,10,10,19,10,61,33,28,35,49,30,15,22,6,9,27,11,26,10,7,10,10,10,28
block91,91,5,36,143025.6289,43.008508,-83.693026,18427,2853,90,754,288,8,15,16,32,0,0,24,7,37,8,32,10,2,14,5,26,8,9,17,18,0,0,0,466,0,0,24,0,9,0,4,54,161,70,0,6,11,63,4,20,0,11,29,0,0,0,0,244,87,18,21,17,33,10,10,24,10,30,20,30,15,6,17,11,28,19,14,26,16,10,10,10,201,10,10,21,10,14,10,8,39,96,71,10,9,13,47,8,27,10,13,27,10,10,10,10
block92,92,7,7,39800.41016,43.019025,-83.680196,14943,11346,91,928,561,0,0,0,0,0,0,14,123,83,0,30,0,53,52,87,0,0,0,46,26,30,9,8,367,0,0,0,38,0,0,21,35,50,0,0,0,33,37,41,0,0,0,33,25,18,25,11,242,192,10,10,10,10,10,10,22,131,71,10,46,10,51,35,42,10,10,10,44,24,28,14,13,158,10,10,10,60,10,10,35,41,56,10,10,10,44,56,32,10,10,10,49,25,18,28,17
block93,93,7,1,28640.63672,43.013348,-83.675234,12235,1586,92,1160,488,4,0,88,12,0,13,40,7,9,24,54,0,22,5,75,15,24,0,31,19,11,10,25,672,0,59,14,102,51,0,3,8,0,27,46,14,10,68,46,56,46,24,34,17,9,0,38,340,154,10,10,93,22,10,25,32,13,14,24,57,10,30,10,48,18,26,10,25,20,17,14,29,231,10,55,23,106,39,10,12,16,10,27,48,21,16,52,38,47,44,24,38,21,14,10,32
block94,94,7,6,10304.63672,43.021431,-83.664501,67772,30624,93,1446,765,31,178,61,141,14,0,12,21,41,59,14,59,58,9,0,19,10,0,0,21,0,9,8,681,135,17,83,1,5,0,0,5,23,95,47,54,42,41,13,8,0,48,0,8,12,18,26,477,278,38,149,74,160,22,10,18,25,41,54,20,61,50,14,10,22,16,10,10,25,10,14,13,213,100,24,72,4,8,10,10,9,27,88,53,47,39,32,20,15,10,43,10,13,20,20,23
block95,95,7,15,41706.41016,43.021664,-83.658537,42292,19594,94,1384,673,40,40,25,0,9,0,12,19,16,102,55,47,68,21,56,105,0,8,0,42,0,8,0,711,97,75,27,0,0,0,0,19,71,76,38,24,31,9,74,41,12,32,0,34,0,20,31,398,226,60,48,42,10,14,10,21,23,19,88,60,57,61,25,51,74,10,13,10,36,10,15,10,229,73,74,44,10,10,10,10,23,57,71,35,30,47,15,62,41,20,33,10,33,10,24,45
block96,96,7,0,0,43.015817,-83.665203,47813,15834,95,1629,836,122,42,15,28,21,0,0,15,48,157,65,9,0,63,20,56,48,0,42,46,39,0,0,793,127,33,34,0,25,0,32,45,65,69,15,18,59,44,41,0,28,10,73,17,23,16,19,339,210,87,51,26,35,31,10,10,26,54,118,59,13,10,49,31,36,40,10,29,32,29,10,10,206,89,50,49,10,39,10,53,57,57,62,25,19,62,43,34,10,32,15,33,18,26,18,21
block97,97,7,2,8858.917969,43.006649,-83.639447,30657,3844,96,1126,448,18,29,67,23,4,21,0,0,10,17,20,35,30,17,12,30,0,25,16,18,19,31,6,678,19,36,35,40,13,4,0,9,30,83,68,25,20,37,49,17,36,11,6,40,38,56,6,218,110,28,31,55,26,9,21,10,10,13,28,26,32,26,17,15,21,10,23,18,18,17,22,9,148,28,35,37,53,20,6,10,12,25,58,42,28,18,21,36,18,27,15,9,27,23,33,9
block98,98,7,111,1329948.332,43.01159,-83.642437,26250,12249,97,1097,433,15,23,3,52,18,0,0,32,45,45,0,18,37,9,42,1,7,28,0,6,39,13,0,664,17,42,20,32,12,0,0,26,25,35,19,52,60,64,44,29,37,5,16,37,33,25,34,202,124,21,21,9,37,16,10,10,32,37,44,10,27,23,16,31,4,11,26,10,9,23,20,10,138,19,32,20,27,14,10,10,23,25,31,17,39,38,55,26,22,24,8,17,30,25,31,29
block99,99,7,10,47787.92188,43.00726,-83.672352,0,0,98,320,129,54,33,0,0,0,0,0,0,0,14,0,22,0,6,0,0,0,0,0,0,0,0,0,191,48,0,24,0,0,0,0,28,0,35,12,12,13,0,0,0,19,0,0,0,0,0,0,207,91,86,36,10,10,10,10,10,10,10,21,10,23,10,11,10,10,10,10,10,10,10,10,10,121,58,10,42,10,10,10,10,44,10,44,20,18,20,10,10,10,21,10,10,10,10,10,10
