,C2,block1,block10,block11,block12,block13,block14,block15,block16,block17,block18,block19,block2,block20,block21,block22,block23,block24,block25,block26,block27,block28,block29,block3,block30,block31,block32,block33,block34,block35,block36,block37,block38,block39,block4,block40,block41,block42,block43,block44,block45,block46,block47,block48,block49,block5,block50,block51,block52,block53,block54,block55,block56,block57,block58,block59,block6,block60,block61,block62,block63,block64,block65,block66,block67,block68,block69,block7,block70,block71,block72,block73,block74,block75,block76,block77,block78,block79,block8,block80,block81,block82,block83,block84,block85,block86,block87,block88,block89,block9,block90,block91,block92,block93,block94,block95,block96,block97,block98,block99
C2,0,8650,6842,7020,6884,6961,6919,7025,6618,6127,5963,6030,8008,5597,6754,5724,5102,5638,5505,4955,5491,5163,4966,7772,4606,4513,3738,4800,3826,3470,3096,3922,4365,4080,7836,3242,2910,4609,3937,3415,4526,3850,3530,2877,2446,7547,2317,2310,2308,1612,2015,3757,2951,2945,3996,3627,7482,8720,7063,7886,7684,8159,7482,7852,5756,4574,4488,7223,3857,4250,3882,3162,4391,5041,4669,7437,8138,8493,7744,2342,3142,3299,3880,4057,7393,8522,7239,7589,796,7206,1105,846,1273,1808,3084,3583,2923,6180,4883,2473
block1,8640,0,1643,1987,2614,3037,1745,2044,2173,2673,3459,3401,1048,3815,2603,2806,3423,3203,3017,4427,4256,3741,4110,1812,3882,4591,5520,4248,4831,5181,5555,5400,5218,5793,2451,6308,5966,4630,5189,5576,5787,5642,6152,6670,6212,3261,6813,6800,6608,7719,7565,7215,7235,7958,7531,7829,2178,4123,4384,6221,6418,8839,8446,9511,4768,5478,7999,2944,7783,8336,8822,8211,9377,8483,9144,8401,9102,9456,788,10802,10005,11759,9503,9881,9061,9853,10474,10744,9219,1315,7880,9184,11710,12267,12158,10740,13382,13313,12664,12973
block10,6833,1643,0,688,1615,2106,1875,1590,864,1038,1579,1813,1169,2227,2533,1921,2133,2709,2564,2830,2660,3980,3556,1300,2871,4479,3749,2613,3196,3545,3920,3810,3622,4158,1474,4712,4487,4983,5120,4819,5879,5383,5256,5066,4405,2263,5091,5204,4802,5912,5758,5843,5718,6151,7781,7319,1202,3125,3385,5509,5307,8540,6811,7181,3133,3846,6364,1946,6187,6701,7187,6615,7741,6848,7509,6766,7467,7821,911,8672,7875,7882,7868,8246,7426,8218,8839,9109,10295,385,6073,7633,9580,10137,10029,9105,10319,11678,11029,10843
block11,6691,1987,688,0,943,1053,2534,2250,1507,1357,1475,1417,1513,1831,2852,2240,2452,3368,3223,2443,2272,4298,3875,1276,3190,4798,4067,2960,3347,3826,4227,3416,3234,3771,1432,4324,4805,5643,5439,5138,6198,5701,5575,5385,4724,1590,4703,4816,5120,6231,6076,6162,6037,6470,8100,7638,1079,2452,2713,5245,4910,7862,6414,6785,2736,3848,5968,1273,5799,6305,6791,6227,7345,6452,7112,6369,7071,7425,1574,8275,7479,7486,7471,7850,7030,7822,8442,8713,9899,1048,5911,10222,9183,9741,9632,8708,9922,11281,10633,10447
block12,8849,2614,1615,943,0,473,3611,3327,2583,2095,1802,1744,2139,1820,3801,3189,3401,4445,4300,2770,2599,5248,4824,1903,4139,5747,5017,3287,3674,4154,4554,3446,3561,4116,1446,4651,5754,6719,6388,6087,7877,6651,6524,6334,5262,724,5030,5476,5715,6758,7161,7111,6986,7419,9049,8587,1093,1510,1770,4317,4360,6934,5864,6235,2187,2897,5418,404,5237,5755,6241,5666,6795,5902,6562,5819,6521,6875,2450,7726,6299,6936,6921,7300,6480,7272,7892,8163,9349,2004,6145,9672,8634,9191,9082,8158,9372,10731,10083,9897
block13,8421,3088,2159,1048,473,0,3297,3013,2270,1771,1488,1006,3610,1398,3572,3003,3215,4131,3986,2456,2285,5517,4605,2378,3953,5561,4831,2974,3361,3840,4241,3023,3248,3694,1921,4338,5568,6406,6202,5901,7563,6464,6338,6148,4948,1938,4716,5054,5883,6336,6839,6925,6800,7233,8863,8401,1567,1744,2004,4135,3932,7168,5436,5807,1759,2474,4990,814,4815,5327,5813,5243,6367,5474,6134,5391,6093,6447,3060,7298,6501,6508,6493,6872,6052,6844,7464,7735,8921,2522,5723,9244,8206,8763,8654,7730,8944,10303,9655,9469
block14,6909,1745,1875,2534,3631,3245,0,446,1676,2443,2733,2952,2211,3366,967,1647,2244,1319,1838,3367,3196,2011,2379,3146,2703,2860,3789,3150,3733,4082,4457,4340,4159,4694,3320,5248,4235,2899,3458,3845,4056,3911,4422,4939,4481,4278,5082,5740,4877,5988,5834,5484,5504,6227,5800,6098,3048,5001,5261,6648,6445,8110,7433,7804,4285,4383,6987,3962,6723,7324,7810,7152,8364,7471,8131,7388,8089,8444,1250,9039,7785,8192,8490,8869,8049,8841,9461,9732,7488,1486,6149,7454,9947,10505,9321,9727,10941,12300,11652,11211
block15,7066,1703,1590,2250,3347,2961,446,0,1392,1892,2429,2668,1927,3082,684,1343,1959,1236,1554,3063,2892,2579,2172,2861,2419,2611,3285,2825,3409,3778,4153,4036,3855,4391,3036,4945,4719,3467,4026,3898,4624,4479,4379,5299,4638,3994,5323,5436,5034,6145,5990,5609,5951,6384,6368,6666,2764,4717,4977,6364,6161,7806,7129,7500,3987,4079,6683,3677,6419,7020,7506,6848,8060,7167,7827,7084,7786,8140,1255,8736,7481,7888,8186,8565,7745,8537,9157,9428,10359,1201,6531,7866,9644,10201,9017,9423,10637,11996,11348,10907
block16,6609,2229,864,1514,2604,2218,1676,1392,0,814,1239,1575,2111,1989,1951,1697,1909,2511,2366,2606,2436,3897,2984,2125,2647,3891,3525,2389,2972,3321,3696,3586,3398,3934,2300,4488,4263,4785,4896,4595,5942,5159,5032,4842,4181,3252,4867,4980,4578,5688,5534,5619,5494,5927,7557,7095,2027,3974,4235,5621,5419,7599,6923,7293,3245,3622,6476,2935,5963,6813,7299,6391,7853,6960,7620,6877,7579,7933,1440,8784,7025,7431,7980,8358,7538,8330,8950,9221,7189,902,5849,7409,9692,10249,10140,9216,10431,11790,11141,10955
block17,6053,2729,1038,1357,2105,1719,2177,1892,814,0,419,779,2204,1193,1819,1206,1419,2371,1824,1805,1634,3265,2842,1968,2157,3764,3034,1898,2481,2831,3205,2778,2596,3443,2143,3686,3772,4393,4405,4104,5164,4668,4541,4351,3691,2752,4065,4178,4087,5197,5043,5128,5003,5436,7066,6604,1870,3475,3735,5122,4919,6548,5871,6241,2324,3211,5425,2435,5161,5762,6247,5590,6802,5908,6569,5826,6527,6882,1940,6499,6223,6629,6928,7307,6487,7278,7899,8169,9101,1402,5273,6918,8385,8942,7855,8165,9379,10738,10089,9649
block18,5635,3163,1452,1476,1803,1417,2610,2326,1228,419,0,469,3045,882,2101,1489,1701,2653,2107,1387,1216,3547,3124,2382,2439,4047,3316,1904,2291,2771,3171,2360,2178,2715,2293,3268,4054,4675,4688,4387,5447,4950,4824,4634,3879,2450,3647,3760,4369,5480,5325,5411,5286,5719,7349,6887,1939,3173,3433,4820,4617,6130,5453,5823,1906,2793,5007,2134,4743,5344,5829,5172,6384,5490,6151,5408,6109,6464,2374,6081,5805,6211,6510,6889,6069,6860,7481,7751,8683,1836,4855,6507,7967,8524,7437,7747,8961,10320,9671,9231
block19,5702,3526,1835,1418,1745,1006,2974,2689,1946,779,486,0,3924,414,2583,1971,2189,3135,3063,1454,1283,4040,3618,2692,2922,4534,3807,1971,2358,2838,3238,2427,2245,2782,2235,3335,4542,5366,4957,4700,6047,5370,5315,5121,3946,2393,3714,3827,4399,5537,5813,5901,5773,6206,7836,7374,1881,2703,2963,4349,4147,5750,5073,5444,1193,2023,4627,2076,4363,4964,5450,4792,6004,5111,5771,5028,5730,6084,2737,6680,5426,5832,6130,6509,5689,6481,7101,7372,8303,2199,4922,6574,7588,8145,6961,7367,8581,9941,9292,8851
block2,11269,1193,1169,1513,3116,3539,2211,1927,2111,2204,3961,3903,0,4317,2485,2689,3305,3045,2900,4929,4758,4351,3518,1156,3765,4425,4631,3779,4362,4712,5086,5902,5720,5324,1683,6810,5653,5240,5799,5244,6397,6252,5725,6233,5572,2457,7189,7302,5968,7078,6924,6955,6884,7317,8141,8439,2582,3487,4551,5565,5762,8183,8955,8855,5312,6023,8509,2776,8175,8846,9332,9010,9886,8993,9653,8910,9611,9966,1251,10146,9349,11102,10068,10391,9571,10363,10983,11254,11769,1198,8397,12092,11054,11611,11502,11249,12726,14880,14686,12317
block20,5516,3933,2242,1832,1820,1025,3381,3096,2353,1193,900,414,4338,0,2997,2384,2602,3549,3477,1867,931,4454,4032,3172,3336,4948,4221,2385,2772,3251,3652,2158,2610,2829,2649,3769,4955,5780,5370,5113,6460,5784,5728,5535,4359,2483,4406,4189,5091,5471,5874,6315,6187,6620,8135,7673,2295,2289,2549,3936,3733,5337,4660,5030,780,1609,4214,2159,3950,4551,5036,4378,5591,4697,5358,4615,5316,5671,3144,6266,5012,5418,5717,6096,5275,6067,6688,6958,7890,2606,4858,8213,7174,7731,6547,6954,8168,9527,8878,8437
block21,6746,2867,2533,2852,3801,3563,967,684,1951,1819,2109,2583,2485,2997,0,1023,1301,552,895,2743,2572,1443,1445,3463,1761,1929,2624,2526,2751,3458,3832,3716,3535,4070,3638,4624,4399,3126,3685,4072,4283,4138,3718,4979,4318,4547,5003,5116,4714,5824,5670,5711,5630,6063,6027,6325,3366,5257,5518,7213,7011,7486,6809,7180,3660,3759,6363,4231,6099,6700,7186,6528,7740,6847,7507,6764,7465,7820,1814,8415,7161,7568,7866,8245,7425,8217,8837,9107,10039,1760,6211,7546,9323,9881,8696,9103,10317,11676,11027,10587
block22,5716,2806,1921,2240,3189,2951,1647,1294,1697,1206,1496,1971,2689,2384,1023,0,623,1169,618,2131,1960,2065,1642,2851,1098,2550,2631,1496,2075,2428,2802,3104,2922,3040,3026,4012,3369,3806,3103,3084,4963,3517,3699,3949,3288,3935,4391,4504,3684,4794,4640,4286,4600,5033,6664,6201,2753,4645,4905,6601,6399,6874,6197,6567,3048,3146,5751,3618,5487,6088,6573,5915,7128,6234,6895,6152,6853,7208,2017,7803,6549,6955,7254,7633,6812,7604,8225,8495,6295,1964,5599,6516,8711,9268,8084,8491,9705,11064,10415,9975
block23,5094,3824,2133,2452,3401,3163,2670,1959,1909,1419,1709,2183,3300,2579,1301,623,0,956,406,1571,2172,1849,1428,3063,886,2335,2009,873,1456,1806,2180,2070,1888,2418,3238,2978,2747,3193,3380,3079,3735,3643,3516,3327,2666,4196,3357,3470,3062,4172,4018,4103,3978,4411,6041,5579,2966,4919,5179,6566,6363,7086,6409,6780,3268,2496,5963,3879,5699,6300,6786,5082,7340,6447,7107,6364,7065,7420,3035,5791,5421,5827,6139,7845,7025,7817,8437,8707,5673,2497,4333,5893,8923,9480,7147,8703,7685,11276,10627,10187
block24,5628,3203,2709,3404,4465,4079,1319,1236,2511,2371,2661,3135,3045,3549,552,1169,956,0,551,2516,3066,890,891,4016,1409,1375,2303,1815,2399,2750,3125,3014,2826,3362,4190,3916,2954,2004,2177,2564,2775,2630,3141,3658,3610,5113,4295,4408,4006,5117,4962,3695,4223,5356,4519,4817,3918,5809,6070,7482,7280,8038,7361,7732,4213,3441,6915,4796,6651,7252,6774,6166,8292,7399,8059,7316,8018,8372,2373,6729,6505,6911,7223,8797,7977,8769,9389,9660,6208,2320,4868,6173,9875,10433,8085,9655,8623,12228,11580,7884
block25,5496,3017,2539,2858,3807,3569,1838,1554,2366,1824,2114,2588,2900,2985,895,618,406,551,0,1974,2525,1436,1015,3469,877,1921,1772,1273,1857,2208,2583,2472,2285,2821,3644,3374,3150,2789,2477,2479,3321,2890,2960,3729,3068,4602,3753,3866,3465,4575,4421,4156,4381,4814,5065,5363,3371,5325,5585,6971,6769,7492,6815,7185,3673,2899,6368,4285,6105,6705,6232,5624,7745,6852,7513,6770,7471,7825,2228,6187,5963,6369,6681,8250,7430,8222,8843,9113,6075,2175,4736,6296,7666,8224,7544,9109,8081,11682,11033,8930
block26,4613,4552,2833,2444,2771,2385,3367,3014,2609,1805,1387,1454,4950,1867,2743,2131,1570,2516,1974,0,538,2951,2529,3763,1984,3436,2718,885,1269,1749,2149,1604,1156,1693,3261,2246,3458,4079,3868,3611,4837,4281,4226,4038,2857,3418,2625,2738,3310,4448,4729,4812,4689,5122,6753,6290,2907,3760,4021,5407,5205,5989,5312,5683,2164,1393,4866,3101,4602,5203,4727,4119,5236,5350,6010,5267,5969,6323,3762,5136,4457,4864,5176,6748,5928,6720,7340,7611,5519,3224,3833,5485,6161,6718,6493,7606,7030,10179,9531,7424
block27,5076,4381,2663,2273,2600,2214,3196,2843,2439,1634,1216,1283,4779,931,2572,1960,2172,3066,2525,538,0,3502,3080,3593,2384,3987,3269,1433,1820,2299,2700,1718,1707,2388,3090,2797,4007,4630,4418,4161,5508,4832,4776,4586,3407,3247,3176,3289,3861,5030,5278,5363,5238,5671,7301,6839,2736,3214,3474,4861,4658,5443,4766,5137,1617,1169,4320,2931,4056,4657,5143,4233,5697,4804,5464,4721,5423,5777,3592,5250,4572,4978,5290,6202,5382,6174,6794,7065,7996,3054,4383,5923,7281,7838,6607,7060,7145,9633,8985,8544
block28,5385,3741,3941,4260,5209,4971,2011,2579,3897,3226,3516,4002,4351,4415,1443,2026,1811,890,1407,2912,3463,0,416,5565,1106,900,1857,2212,2342,2439,2840,2955,2774,2926,5046,3670,2711,1149,1934,2321,1787,2387,2898,3415,2957,6004,3558,3853,3354,4464,4310,3960,3980,4703,4276,4574,4773,6616,6876,8373,8171,8894,8217,8587,5019,3838,6406,5687,6237,6617,6198,5590,6707,6912,6984,8172,8873,9227,3288,6174,5929,7131,6647,6979,8832,9624,8129,8399,5964,3176,4625,5930,7066,7091,7531,7937,8068,11464,10381,7641
block29,4967,4110,3556,3875,4824,4553,2379,2172,2984,2842,3131,3610,3518,4023,1445,1643,1428,891,1024,2535,3071,416,0,4486,690,901,1385,1637,1867,1938,2339,2480,2299,2425,4661,3014,2293,1493,1703,1998,2301,2156,2479,2990,2673,5574,3140,3506,3069,4179,4025,3542,3566,4418,4045,4343,4389,6309,6569,7955,7753,8519,7842,8212,4693,3454,5934,5257,5765,6145,5726,5118,6235,6441,6513,7797,8498,8853,2846,5826,5457,5863,6175,6507,8458,9249,7657,7928,5546,2793,4207,5900,7160,7718,7183,7589,7721,10987,10033,7223
block3,10956,1826,1300,1276,1903,2326,3146,2861,2118,1968,2748,2690,1156,3104,3463,2851,3063,3980,3835,3716,3545,5586,4486,0,3801,5409,4679,3543,4126,4475,4850,4739,4508,5088,1002,5597,5417,6474,6050,5749,7631,6313,6186,5996,5335,2144,5976,6089,5732,6842,6688,6773,6648,7081,8711,8249,801,3173,4238,5252,5448,7869,8642,8542,4063,5709,8196,2463,7116,8533,9018,8697,9573,8679,9340,8597,9298,9653,2402,9832,9036,10789,9754,10078,9258,10049,10670,10940,11456,1659,7003,11779,10741,11298,11189,10936,12413,14567,14373,12004
block30,4610,3882,2869,3187,4137,3898,2703,2419,2645,2154,2444,2922,3765,3336,1758,1098,883,1409,877,1847,2384,1101,685,3799,0,1818,1091,949,1179,1485,1889,1793,1611,1972,3973,2701,1936,2446,2308,1983,3218,2722,2598,2640,2209,4886,3080,3193,2605,3715,3561,3185,3205,3954,4962,5122,3701,5654,5915,7301,7099,7821,7144,7515,4003,2758,5445,4570,5275,5656,5237,4628,5746,5951,6023,7099,7801,8155,3093,5513,4967,5374,5686,6017,7760,8552,7168,7438,5189,3040,3850,5436,6671,7228,6870,7277,7408,10497,9720,7934
block31,4503,4591,4481,4799,5748,5510,2860,2611,4257,3766,4056,4538,4424,4951,1929,2550,2335,1375,1927,3463,3999,900,901,5411,1833,0,1520,2561,2178,2101,2503,3404,2873,2588,5585,2788,1829,1064,1052,1439,1650,1505,2015,2533,2075,6543,2676,2971,2471,3582,3428,2569,3098,3821,3394,3692,5313,7266,7526,8913,8710,9433,8756,9127,5615,4377,6068,6227,5899,6279,5860,5252,6369,6574,6647,8711,7949,9767,3752,5292,5591,6249,6309,7007,7908,8700,7791,8062,5082,3698,3743,5047,6184,6209,6648,7055,7186,10581,9499,6759
block32,3950,5518,3749,4068,5017,4779,3787,3282,3525,3034,3324,3798,4915,4212,2621,2631,2009,2302,1771,2723,3259,1827,1383,4679,1101,1518,0,1829,1437,967,1199,2673,2134,1849,4854,1834,1006,1746,1138,679,2464,1787,1668,1710,1522,5762,2213,2326,1918,3029,2874,2255,2274,3268,4075,4436,4581,6535,6795,8181,7979,8104,7427,7798,4883,3784,4754,5446,4585,4966,4546,3938,5055,5261,5333,6500,6635,7236,4651,4646,4277,4683,4996,5327,6594,7386,6477,6748,4529,4113,3190,4750,5980,6538,6003,6410,6541,9807,8853,7244
block33,4473,4304,2613,2962,3289,2903,3310,3025,2389,1898,1904,1971,3779,2385,2364,1691,1070,2015,1474,896,1433,2451,1640,3543,952,2559,1829,0,585,1066,1467,1198,1016,1553,3778,2106,2567,3188,3200,2899,3959,3463,3336,3147,2158,3936,2485,2598,2882,3992,3838,3923,3798,4231,5861,5399,3424,4659,4919,6305,6103,6874,6198,6568,3051,1810,5751,3619,4857,5238,4819,4210,5328,6235,6895,6152,6854,7208,3515,4919,4549,5875,5268,5599,6813,7605,8226,8496,5379,2977,3693,5344,5811,6401,6275,6682,6813,9753,9125,6491
block34,3826,4885,3195,3344,3671,3285,3694,3409,2971,2480,2287,2354,4361,2768,2748,2075,1454,2399,1857,1279,1816,2287,1995,4124,1179,2176,1446,585,0,481,882,1224,861,967,4161,1520,2184,2805,2667,2338,3577,3080,2953,2764,1573,4318,1899,2012,2499,3610,3455,3540,3415,3849,5479,5017,3807,4973,5233,6688,6485,7257,6580,6950,3376,2194,4437,4002,4268,4648,4229,3621,4738,4943,5016,6535,7236,7591,4096,4333,3960,4366,4678,5010,7196,7987,6160,6431,4405,3558,3107,4370,5225,6220,5690,6096,6227,9167,8540,6927
block35,3470,5236,3545,3830,4157,3771,4082,3729,3321,2831,2773,2840,4712,3254,3458,2428,1806,2750,2208,1765,2302,2286,1797,4475,1350,1978,1090,1066,481,0,526,1711,1176,891,4647,1163,1828,2606,2240,1983,3330,2653,2598,2408,1217,4805,1540,1653,2143,3254,3099,3185,3059,3493,5123,4661,4293,5527,5788,7174,6972,7743,7066,7437,3919,2676,4082,4488,3912,4293,3874,3265,4382,4588,4660,5827,5962,6563,4447,3973,3604,4010,4323,4654,5921,6713,5805,6075,4049,3909,2747,4014,5308,5865,5330,5737,5868,9134,8180,6571
block36,3096,5611,3920,4233,4560,4174,4457,4103,3696,3205,3176,3243,5086,3656,3832,2802,2180,3125,2583,2168,2704,2810,2367,4850,1869,2446,1208,1467,882,526,0,2113,1579,1292,5050,789,1298,2682,2075,1672,3268,2558,2287,1878,843,5207,1170,1283,1613,2258,2570,2874,2530,2963,4593,4131,4696,5930,6190,7577,7374,7549,6872,7243,4322,3229,4199,4890,4030,4410,3991,3383,4500,4706,4778,5945,6080,6681,4822,3604,3722,4561,4440,4772,6039,6831,5922,6193,3675,4284,2378,3640,4496,5087,4961,5367,5498,8438,7811,5177
block37,3842,5525,3810,3417,3446,3023,4340,3987,3586,3095,2360,2427,5923,2158,3716,2692,2070,3008,2466,1352,1889,2900,2480,4739,1793,3403,2678,1199,1224,1708,2109,0,556,1154,4234,2095,3410,4031,3827,3570,4917,4241,4185,3990,2816,4109,2585,2514,3270,3796,4199,4772,4642,5075,6461,5999,3880,3915,4175,5561,5359,6067,5390,5761,2383,1129,3815,3785,3646,4026,3607,2999,4116,4321,4393,5345,6047,6401,4736,4016,3338,3744,4056,4388,6006,6798,5538,5808,4485,4198,3183,4689,5041,5598,5373,5780,5911,8868,8674,6304
block38,4038,5343,3622,3236,3563,3177,4159,3805,3398,2596,2178,2245,5742,2659,3535,2502,1883,2826,2285,1170,1707,2713,2293,4552,1605,2872,2143,1016,689,1173,1574,556,0,551,4052,1671,2881,3500,3293,3035,4383,3706,3650,3461,2281,4210,2050,2163,2735,3873,4152,4237,4112,4545,6175,5713,3698,4366,4627,6013,5811,6595,5918,6289,2770,1686,4371,3893,4202,4582,4163,3555,4672,4877,4950,5873,6575,6929,4554,4484,3894,4300,4612,4944,6534,7326,6094,6365,4944,4016,3258,4909,5597,6154,5840,6247,6378,9424,8691,6861
block39,3456,5880,4158,3772,4100,3713,4695,4342,3934,3133,2715,2782,6279,2829,4071,3039,2418,3363,2822,1707,2244,2896,2406,5088,1959,2587,1858,1553,967,891,1289,1154,551,0,4589,847,2594,3215,3077,2750,3987,3491,3365,3174,1996,4747,1765,1878,2450,3587,3866,3952,3826,4259,5889,5427,4235,4585,4845,6232,6029,6814,6137,6507,2988,1800,3429,4430,3260,3641,3221,2613,3730,3936,4008,5175,5310,5911,5091,3631,2952,3358,3670,4002,5269,6061,5152,5423,5371,4553,2972,4624,4655,5213,4501,4961,5038,8482,8288,5919
block4,10146,2451,1474,1432,1446,1869,4100,3816,3073,2584,2291,2233,1681,2647,3638,3026,3238,4935,4789,3259,3088,5084,4661,1002,3976,5583,4853,3777,4164,4643,5044,4232,4051,4588,0,5141,5591,7209,6224,5924,6984,6487,6361,6171,5751,787,5519,5632,6204,7342,6862,6948,6823,7256,8886,8424,479,2364,3428,4443,4639,7060,7231,7733,3553,4665,6785,1107,6615,7122,7607,7888,8162,7268,7929,7186,7887,8242,2286,9023,8226,9980,8288,8667,7846,8638,9259,9529,10646,1834,6727,10969,9931,10488,10380,9525,11604,13758,11449,11194
block40,2935,6433,4715,4325,4653,4266,5248,4895,4491,3686,3268,3335,6831,3749,4624,3592,2971,3916,3374,2260,2797,3433,3002,5645,2504,2782,1843,2106,1517,1161,789,2095,1671,847,5142,0,1778,3019,2411,2009,3605,2895,2624,2358,1180,5300,948,1061,1633,2771,3174,3211,3009,3442,5073,4610,4788,5525,5786,7023,6821,7067,6390,6760,3928,2747,3717,4983,3548,3928,3509,2901,4018,4223,4295,5463,5597,6198,5644,3382,3240,3646,3958,4290,5557,6349,5440,5710,3843,5106,2156,3808,4274,5500,4739,5145,5276,8216,7589,4954
block41,2910,5975,4487,4805,5754,5516,4244,4670,4263,3772,4062,4558,5653,4932,4399,3369,2747,2963,3150,3483,4020,2489,2380,5417,1931,1838,1009,2567,2174,1704,1298,3410,2894,2594,5591,1784,0,1609,931,433,1978,1301,981,906,733,6549,958,1968,642,1752,1598,1568,1558,1991,3621,3159,5319,7272,7532,8919,8716,8532,7855,8226,5621,4212,5182,6233,5013,5393,4974,4366,5483,5688,5761,6928,7063,7663,5388,3902,4705,4859,5440,5617,7022,7814,6905,7396,3489,4850,2150,3473,4794,4750,5259,5665,5796,9123,7825,5165
block42,4609,4630,5109,5428,6377,6354,2899,3467,4785,4394,4684,5366,5240,5780,3126,3806,3193,2190,2789,4091,4628,1149,1716,6453,2462,1064,1573,3189,2807,2730,2538,4033,3502,3217,6214,3024,1609,0,672,1163,836,1202,1673,2227,2312,7754,2913,3208,2341,3451,3297,2266,2775,3319,3091,3389,5941,8110,8370,9756,9554,10269,9592,9963,6444,5006,6123,7070,5954,6334,5915,5307,6424,6629,6701,7868,8003,8604,4176,5528,5645,6485,7066,7243,7962,8754,7846,9022,5188,4594,3849,5173,6421,6449,6885,7292,7423,10818,9735,6865
block43,3937,5116,4907,5226,6175,5936,3385,3954,4683,4192,4482,4892,5726,5306,2654,3064,3167,2100,2444,3817,4354,1625,1626,5837,2260,975,1151,2987,2531,2061,1930,3831,3228,3015,6012,2416,931,672,0,563,1160,569,1043,1554,1704,6856,2305,2600,1668,2779,2625,2150,2170,2714,2904,3201,5739,7693,9627,9339,9137,9164,8487,8858,6041,4844,5814,6540,5645,6025,5606,4998,6115,6320,6393,7560,7695,8295,4663,4920,5337,5877,6458,6635,7654,8446,7537,8414,4516,5081,3176,4500,5813,5777,6277,6684,6815,10210,9127,6192
block44,3415,5591,4647,4965,5915,5676,3861,4429,4423,3932,4222,4718,5153,5132,4088,3008,2907,2580,2388,3643,4180,2105,1908,5577,2065,1454,679,2727,2401,1864,1458,3571,3054,2472,5751,1944,433,1163,563,0,1668,981,673,1032,1034,6683,1467,2128,1146,2185,2031,1682,1701,2245,3396,3592,5479,7432,9156,9079,8876,8692,8015,8386,5554,4372,5342,6366,5173,5553,5134,4526,5643,5848,5921,7088,7223,7823,4482,4448,4865,5405,5987,6163,7182,7974,7065,7942,3994,4428,2654,3906,5341,5254,5805,6212,6343,9738,8655,5670
block45,4526,5268,5881,6200,7149,6910,3537,4105,5423,5166,5456,5938,5878,6352,3329,3950,3735,2775,3327,4863,5400,1787,2301,7091,3234,1650,2159,3961,3578,2921,3124,4805,4274,3989,6986,3610,1979,836,1166,1653,0,959,1111,2144,2876,7944,2943,3793,2258,3098,2944,1716,2225,2769,2541,2839,6713,8666,10225,10313,10111,10058,9381,9752,7015,5777,6708,7627,6539,6919,6500,5892,7009,7215,7287,8454,8589,9190,4814,5518,6569,6475,7056,7233,8548,9340,9166,9012,5105,5232,3766,5038,6410,6366,6875,7281,7412,10739,9441,6782
block46,3850,5642,5367,5686,6635,6397,3911,4479,5143,4652,4942,5352,6252,5766,3184,3805,3628,2630,2904,4277,4814,2155,2156,7465,2720,1505,1760,3448,2991,2521,2391,4291,3688,3475,6472,2877,1303,1202,569,976,800,0,478,1032,2200,7317,2266,3060,1581,2437,2283,1159,1564,2108,2383,2681,6200,8153,9549,9800,9597,9659,8982,9352,6501,5339,6309,7000,6140,6520,6101,5493,6610,6815,6887,8055,8189,8790,5188,4842,5893,5798,6380,6557,8149,8941,8032,8336,4429,5606,3089,4377,5734,5689,6198,6605,6736,10062,8765,6105
block47,3526,6177,5309,5627,6576,6338,4446,4393,5085,4594,4884,5380,5739,5794,3731,3594,3569,3102,2973,4305,4842,2627,2493,6239,2612,1976,1690,3389,2948,2526,2120,4185,3716,3134,6413,2606,980,1673,1043,673,1111,478,0,554,1663,7344,1943,2790,1258,1992,1838,1099,1119,1663,2690,2988,6141,8094,9302,9741,9538,9354,8677,9048,6216,5034,6004,7028,5835,6215,5796,5416,6305,6510,6583,7750,7885,8485,5067,4595,5646,5552,6133,6310,8397,8636,8243,8089,4105,5013,2766,3932,5487,5666,5952,6358,6489,10039,8741,5782
block48,2877,6679,5201,5519,6468,6230,4948,5516,4977,4486,4776,5272,6367,5646,5113,4083,3461,3667,3863,4197,4734,3192,2995,6130,2635,2542,1713,3281,2888,2418,2012,4124,3608,3308,6305,2498,1002,2227,1554,1137,2144,1032,554,0,1447,7263,1379,1994,695,1340,1186,1141,467,1579,3209,2747,6033,7986,8650,9474,9271,9746,9069,9440,6335,4926,5980,6947,5458,5851,5597,4763,6141,6487,6158,8230,7861,8462,6102,3943,4994,4900,5481,5658,7745,8999,7591,7437,3456,5564,2190,3132,4835,4717,5300,5706,5837,9090,8150,5133
block49,2446,6213,4405,4724,5540,5154,4483,4589,4181,3691,3981,4223,5572,4637,4318,3288,2666,3202,3068,3148,3685,2727,2653,5335,2207,2076,1301,2486,1573,1623,843,3094,2559,2274,5510,1177,733,2313,1705,1066,2876,2200,1880,1313,0,6188,509,1123,628,1607,2005,2467,1965,2398,4028,3566,5238,6672,8151,8318,8116,8213,7536,7907,5075,3893,4863,5871,4694,5074,4655,4264,5164,5369,5442,6609,6744,7345,5307,3444,4495,4401,4982,5159,6703,7495,7092,6938,3025,4769,1685,2990,4336,4285,4801,5207,5338,8658,7651,4701
block5,9374,3265,2266,1594,724,1941,4262,3978,3234,2746,2453,2395,2473,2483,4536,3937,4180,5096,4951,3421,3420,6007,5569,2160,4918,6525,5774,3938,4325,4804,5205,4109,4561,4779,787,5720,6533,7370,6924,6666,8528,7337,7281,7112,5912,0,5681,6139,6366,7421,7824,7868,7764,8197,10086,9624,1074,1022,2090,3671,3867,6288,6528,6960,2850,3560,6081,465,5900,6418,6904,7115,7458,6565,7225,6482,7184,7538,3100,8251,7454,9208,7585,7963,7143,7935,8555,8826,9874,2655,6808,10197,9159,9716,9607,8821,10831,12985,10746,10422
block50,2317,6713,4906,4704,5031,4645,4983,5274,4682,4065,3647,3714,7210,4128,5003,3971,3166,3702,3753,2639,3176,3227,3030,5835,2567,2576,1801,2485,1580,1224,850,2585,2050,1765,5521,927,1130,2813,2205,1462,2943,2266,1946,1379,509,5678,0,614,685,1479,2228,2533,1816,2249,3879,3417,5167,6163,7642,7809,7607,7704,7027,7398,4566,3384,4354,5362,4185,4565,4146,3755,4655,4860,4933,6100,6235,6835,6023,2935,3986,3892,4473,4650,6194,6986,6583,6429,2896,5485,1557,2861,3827,3826,4292,4698,4829,8199,7142,4303
block51,1983,6925,5207,4817,5144,4758,5382,5387,4983,4178,3760,3827,7323,4189,5116,4084,3462,4408,3866,2752,3289,3627,3493,6137,2996,2976,2335,2598,2008,1653,1283,2514,2163,1878,5634,1040,1972,3213,2605,2203,3798,3088,2817,1994,1123,5792,614,0,1299,1818,2221,3404,2589,3151,4482,4020,5280,5945,7136,7592,7389,7487,6810,7180,4348,3167,4137,5475,3968,4348,3929,3249,4627,4643,4715,5882,6017,6618,6136,2429,3480,3385,3967,4144,6231,6768,6076,5923,2889,5598,1203,2854,3321,3912,3785,4192,4323,7263,6636,4001
block52,2308,6609,4802,5120,5716,5330,4879,4985,4578,4087,4377,4399,5968,4813,4714,3684,3062,3598,3465,3324,3861,3123,3049,5732,2603,2473,1697,2882,2489,2019,1613,3270,2735,2450,5906,1612,642,2341,1668,1146,2258,1581,1261,695,628,6363,685,1299,0,1325,1171,1848,1131,1564,3194,2732,5634,6847,8008,8494,8292,8389,7712,8083,5251,4069,5039,6047,4870,5250,4955,4121,5499,5545,5618,6785,6920,7520,5703,3300,4352,4257,4839,5015,7103,7671,6948,6794,2887,5165,1548,2853,4193,4148,4657,5064,5195,8521,7224,4564
block53,1612,7707,5899,6218,6546,6122,5976,6083,5675,5185,5124,5191,7066,5258,5812,4782,4160,4696,4562,4116,4653,4221,4147,6829,3701,3570,2795,3980,3587,3117,2711,3584,3527,3242,7004,2404,1739,3439,2766,2172,3098,2437,1992,1340,2146,7209,1479,1472,1060,0,751,2055,1249,1682,3013,2551,6732,7014,7442,8265,8063,8538,7861,8231,5417,4236,4772,6885,4250,4643,4389,3555,4933,5278,4950,7021,6653,7253,6801,2735,3786,3692,4273,4450,6537,7791,6382,6229,2191,6263,851,2249,3627,3451,4091,4498,4629,7870,6527,3867
block54,2015,7553,5745,6064,7013,6775,5822,5929,5521,5030,5320,5950,6911,5874,5658,4628,4005,4541,4408,4875,5412,4067,3993,6675,3546,3416,2641,3825,3433,2963,2557,4199,4286,4001,6850,3163,1585,3285,2612,2018,2944,2283,1837,1186,1992,7824,2228,2231,1158,751,0,1901,1095,1206,2538,2075,6577,7630,8244,9067,8865,9340,8663,9034,6033,4852,5574,7500,5052,5445,5191,4357,5735,6080,5752,7823,7455,8055,6647,3537,4588,4494,5075,5252,7339,8593,7184,7031,2594,6109,1254,2268,3297,3854,4894,5300,4970,8273,6930,4270
block55,3758,7246,5898,6217,7166,6928,5515,6083,5674,5183,5473,5969,7064,6383,5742,4303,4158,4234,4079,4894,5431,3759,3562,6828,3202,3109,2279,3978,3537,3116,2710,4775,4305,3723,7003,3196,1569,2266,2172,1703,1716,1159,1121,1143,2252,7934,2532,3379,1847,2056,1902,0,1183,1261,3054,2592,6730,8684,9366,10190,9987,10462,9785,10156,6805,5624,6696,7617,6174,6568,6313,5479,6857,7203,6874,8946,8577,9178,6800,4659,5710,5616,6197,6374,8461,9715,8307,8153,4280,6262,2906,3807,5551,5540,6016,6422,6553,9913,8616,5956
block56,2951,7207,5724,6043,6992,6754,5476,5907,5500,5009,5299,5795,6890,6170,5637,4606,3984,4195,4387,4720,5257,3720,3523,6654,3163,3070,2241,3804,3412,2942,2536,4648,4131,3832,6829,3022,1564,2775,2021,1664,2225,1564,1023,467,1971,7787,1822,2589,1137,1249,1095,999,0,553,2701,2239,6556,8131,8559,9382,9180,9655,8978,9348,6534,5353,5889,7470,5367,5760,5506,4672,6050,6395,6067,8138,7769,8370,6626,3852,4903,4808,5390,5567,7654,8908,7499,7346,3530,6088,2099,2924,4744,4657,5208,5615,5746,9030,7733,5206
block57,2889,7956,6148,6466,7415,7177,6225,6331,5924,5433,5723,6219,7314,6593,6060,5030,4408,4944,4811,5144,5681,4469,4395,7078,3949,3819,3043,4228,3835,3365,2959,5071,4555,4255,7252,3445,1988,3687,3014,2420,3192,2531,2086,1588,2394,8210,2245,3013,1560,1672,1150,1175,553,0,2092,1630,6980,8933,8982,9806,9603,10078,9401,9772,6958,5873,6313,7894,5791,6184,5930,5096,6474,6819,6490,8562,8193,8794,7050,4275,5326,5232,5813,5990,8077,9331,7923,7769,3195,6511,2128,2723,4559,4456,5632,6038,5572,8829,7532,4872
block58,3862,7950,7778,8097,9046,8807,6220,6788,7554,7063,7353,7849,8560,8135,5492,6114,6038,4939,5491,6774,7311,4464,4465,8708,5397,3813,4322,5858,5466,4996,4590,6702,6185,5886,8883,5076,3618,3510,3323,3816,2960,2803,3110,3219,4025,9841,3876,4493,3191,3013,2538,3054,2706,2092,0,705,8610,9892,11232,12056,11853,12328,11651,12022,8295,7113,7783,9524,7261,7654,7399,6566,7944,8289,7960,12922,13057,13658,7497,5745,6796,6702,7283,7460,12438,13566,12283,12633,4079,7915,3516,3606,5442,5339,6615,7114,6455,11224,10005,5755
block59,3747,7829,7249,7567,8517,8278,6098,6666,7025,6534,6824,7320,8439,7606,5371,6131,5509,4817,5369,6245,6782,4342,4343,8179,5050,3692,4145,5329,4936,4467,4061,6173,5656,5357,8353,4547,3089,3389,3201,3522,2839,2681,2988,2690,3496,9312,3347,3964,2662,2484,2008,2525,2177,1563,705,0,8081,9363,9923,10747,10544,11019,10342,10713,7766,6584,7253,8995,6732,7125,6870,6037,7414,7760,7431,9503,9134,9735,7375,5216,6267,6173,6754,6931,9018,13177,8864,12244,3690,7613,2987,3217,5053,4951,6227,6726,6066,10836,9616,5366
block6,10429,2178,1202,1079,1093,1515,3747,3462,2719,2231,1937,1880,2602,2293,3366,2753,2966,4581,4436,2905,2734,4812,4389,801,3704,5311,4581,3423,3810,4289,4690,3879,3697,4234,479,4787,5319,6855,5952,5651,6711,6215,6088,5899,5397,1070,5166,5279,5851,6988,6590,6675,6550,6983,8613,8151,0,1936,2521,4725,4921,7342,6877,8015,3199,4311,6431,753,6261,6768,7254,6690,7808,6914,7575,6832,7533,7888,2014,9305,8509,10262,7934,8313,7493,8284,8905,9175,10929,1562,6373,11252,10213,10771,10662,9171,11886,11744,11095,11477
block60,8518,4156,3125,2452,1510,1747,4991,4707,3964,3465,3182,2703,3486,2289,5266,4645,4909,5825,5680,3760,3225,6654,6299,3173,5647,7254,6572,4589,4973,5452,6008,3915,4366,4585,2384,5525,7262,8100,7722,7464,9257,8135,8079,7842,6386,1024,6163,5945,6847,7227,7630,8666,8493,8927,12491,12121,2666,0,1065,2814,3010,5431,5467,6104,2290,3366,5021,1182,4910,5358,5844,6259,6398,5505,6165,5422,6123,6478,4754,7394,6598,8351,6524,6903,6083,6875,7495,7766,9018,4216,6614,9341,8302,8859,8751,7761,9975,10334,9686,9566
block61,7387,5157,3466,3049,2510,2092,4605,4321,3577,3079,2796,2316,5369,1903,4879,4310,4523,5439,5294,3374,2839,6825,5912,4396,5261,6868,6138,4281,4586,5148,5548,3528,3980,4199,3866,5139,6876,7713,7509,7208,8871,7772,7645,7456,5999,3173,5776,5559,6461,6841,7244,8232,8107,8540,11360,10991,3512,1873,0,3101,2899,5079,4403,4773,1225,2478,3956,2849,3845,4293,4779,4274,5333,4440,5100,4357,5059,5413,4368,6264,5467,5474,5460,5838,5018,5810,6431,6701,7887,3830,6228,8210,7172,7729,7621,6696,7911,9270,8621,8435
block62,7696,6235,5518,5265,4317,4144,6657,6372,5629,5130,4848,4368,5565,3954,6931,6362,6575,7491,7346,5426,4891,8877,7964,5252,7313,8920,7924,6333,6638,7242,7360,5580,6032,6250,4463,6878,8662,9765,9074,8817,10164,9487,9432,9242,7738,3671,7515,7297,8200,8276,8679,10019,9173,9610,11669,11300,4745,2814,3185,0,645,3748,4789,4421,3277,4471,4293,3990,5186,4630,5116,5698,5670,4777,5437,4694,5396,5750,6420,6572,5902,5811,5796,6175,5355,6147,6767,7038,8196,5882,7663,8519,7481,8038,6627,7033,8247,9606,8958,8744
block63,7493,6431,5315,4899,4359,3941,6454,6170,5427,4928,4645,4166,5761,3752,6729,6160,6372,7288,7143,5223,4688,8674,7762,5448,7110,8717,7722,6131,6436,7040,7157,5378,5829,6048,4659,6675,8460,9563,8871,8614,9961,9285,9229,9039,7536,3867,7312,7095,7997,8074,8477,9816,8971,9407,11467,11097,4941,3010,3381,645,0,3944,4985,4617,3075,4269,4090,4186,4984,4427,4913,5496,5468,4574,5235,4492,5193,5547,6217,6370,5699,5608,5594,5973,5152,5944,6565,6835,7994,5679,7461,8317,7278,7835,6424,6831,8045,9404,8755,8541
block64,8260,8852,7474,7057,6934,6099,8612,8328,7585,7086,6803,5756,8182,5342,7492,6879,7092,8044,7906,5995,5449,8889,8524,7869,7829,9426,8134,6880,7207,7451,7569,6149,6601,6799,7080,7087,8872,9821,9283,9026,10373,9697,9641,9451,7947,6288,7724,7507,8409,8840,9243,10228,10103,10173,12233,11863,7362,5431,5802,3748,3944,0,1471,1103,4598,5035,4056,6607,4949,4393,4879,5461,4380,3575,4147,2925,3369,3980,8376,7136,5665,5574,5559,4885,3989,5327,4970,6395,8760,7838,8227,9083,8044,8601,6380,5743,6957,8316,7667,9308
block65,7583,8488,6797,6380,5840,5422,7936,7651,6908,6409,6126,5079,8941,4665,6815,6202,6415,7367,7229,5318,4772,8212,7847,8628,7153,8749,7457,6203,6530,6774,6892,5472,5924,6122,7197,6410,8195,9144,8606,8349,9696,9020,8964,8774,7270,6504,7047,6830,7732,8163,8566,9551,9426,9496,11556,11186,6843,6190,4207,4789,4514,1471,0,1017,3921,4358,3000,6180,3791,3337,3823,4405,3348,2544,3115,1893,2338,2949,7699,6099,4672,4518,4354,3853,2958,4296,3938,5363,8083,7161,7550,8406,7367,7924,5348,4711,5926,7285,6636,7624
block66,7953,8858,7167,6751,6211,5793,8306,8022,7279,6780,6497,5449,8855,5036,7185,6573,6785,7737,7600,5688,5142,8582,8218,8542,7523,9119,7827,6574,6901,7145,7263,5842,6294,6493,7752,6780,8565,9515,8977,8720,10067,9390,9335,9145,7641,6960,7418,7200,8103,8509,8912,9921,9796,9842,11926,11557,8035,6104,4577,4421,4617,1103,1017,0,4291,4729,2929,6550,3719,3266,3751,4334,3277,2472,3044,1822,2266,2878,8069,6027,4601,4447,4283,3782,2886,4224,3867,5292,8453,7531,7896,8776,6695,7813,5277,4640,5854,7213,6564,7553
block67,6645,4823,3132,2716,2176,1758,4271,3987,3244,1972,1906,1193,5301,780,3802,3190,3402,4354,4217,2305,1759,5185,4835,4062,4140,5747,5117,3191,3503,4057,4458,2383,2911,3130,3532,4070,5755,6585,6266,6009,7357,6680,6624,6335,4931,2839,4707,4490,5392,5772,6175,7211,6986,7420,10618,7974,3179,2645,2218,3268,3065,4592,3915,4286,0,1346,3469,2515,3205,3806,4292,3634,4846,3953,4613,3870,4571,4926,4034,5521,4725,4987,4972,5351,4531,5323,5943,6214,7145,3496,5159,7468,6429,6987,5802,6209,7423,8782,8134,7693
block68,7040,5473,3775,3389,2826,2404,4312,3959,3551,3061,2332,1952,5951,1539,3688,3076,3288,3557,3015,1178,1209,3992,3570,4705,3025,4477,3910,1926,2310,2790,3345,1252,1704,1923,4206,2863,4647,5120,5059,4802,6149,5473,5417,5227,3723,3489,3500,3283,4185,4564,4967,6004,5879,5898,7229,6767,3852,3295,3364,4714,4512,4987,4310,4680,1205,0,3864,3165,3600,4201,4686,4028,5241,4347,5008,4265,4966,5321,4684,5916,4053,4459,5367,5746,4925,5717,6338,6608,7540,4146,3951,7863,6824,7381,6197,6604,7818,9177,8528,8088
block69,4605,8042,6351,5934,5394,4976,6892,7205,6462,5641,4912,4533,8495,4119,6268,5656,5868,6820,6295,4935,4226,6365,5923,8182,5425,6056,4764,5027,4438,4082,4200,3815,4185,3430,6751,3717,5502,6452,5914,5657,7004,6327,6271,6082,4578,6057,4355,4137,5040,5014,5417,6858,6733,7166,8578,8209,6397,5744,3761,4270,4068,4056,3000,2929,3374,3914,0,5733,741,548,1300,1434,1967,871,1616,2110,2245,2846,7252,3018,1639,2046,2198,2530,2204,2996,3210,3887,5105,6714,4401,5428,3686,4946,3029,3882,3566,6455,5807,5653
block7,9693,2943,1945,1272,404,814,3940,3656,2913,2424,2131,2073,2796,2159,4215,3616,3858,4774,4629,3099,3096,5685,5248,2483,4596,6203,5452,3617,4003,4483,4884,3785,4237,4455,1107,4980,6211,7049,6602,6345,8206,7015,6960,6791,5591,465,5359,5815,6044,7097,7500,7547,7442,7875,9506,9044,753,1182,1766,3990,4186,6607,6204,6574,2526,3236,5757,0,5576,6094,6580,6005,7134,6241,6901,6158,6860,7214,2779,8570,7773,9527,7261,7639,6819,7611,8231,8502,10193,2334,6484,10516,9478,10035,9927,8497,11150,11071,10422,10741
block70,3974,10213,6439,6052,5490,5067,6975,6622,6215,5724,4995,4616,9543,4202,6351,5739,5615,6565,6023,4663,4309,6093,5650,9230,5152,5784,4492,4754,4165,3809,3927,3543,3913,3157,8441,3445,5229,6179,5641,5384,6731,6055,5999,5809,4305,7649,4082,3865,4767,4459,4862,6586,6461,6894,7947,7578,8723,6792,5135,5164,4961,4822,3791,3719,3457,3641,741,5829,0,555,936,695,1775,1247,1424,2486,2621,3222,7348,2756,1275,1682,2007,2339,2580,3372,3496,3767,4474,6810,3846,4797,3758,4315,2837,3297,3375,6315,5688,5022
block71,4367,8378,6688,6271,5731,5313,7098,6745,6799,5847,5118,4739,8832,4325,6474,5862,6008,6958,6416,5056,4432,6486,6043,8519,5546,6177,4885,5148,4558,4202,4320,3936,4306,3550,7087,3838,5623,6572,6034,5777,7124,6448,6392,6202,4698,6394,4475,4258,5160,4852,5255,6979,6854,7287,8340,7971,6734,6081,5528,4607,4405,4393,3359,3288,3580,4034,548,6070,555,0,493,1089,1393,819,1046,2055,2193,2794,7589,3206,1293,1639,1625,1956,2153,2945,3115,3385,4867,7051,4239,5190,3873,4708,2455,2915,2992,5954,5305,5415
block72,3873,10112,8500,8083,7544,7126,7890,7536,8611,6539,5816,5530,9442,5116,7265,6653,5514,6464,5922,4562,4751,5992,5549,9129,5051,5683,4391,4653,4064,3708,3826,3442,3812,3056,8340,3344,5128,6078,5540,5283,6630,5954,5898,5708,4204,7548,3981,3763,4666,4358,4761,6485,6360,6793,7846,7476,8622,6691,5034,5141,4938,4927,3897,3825,4769,3540,1244,7867,880,493,0,594,897,1353,860,2592,2727,3328,9402,2178,799,804,1128,1460,2686,3478,2610,2881,4373,8864,3745,4696,2845,4214,1959,2419,2496,5436,4809,4921
block73,3279,9518,7906,7489,6950,6532,7296,6942,8017,5945,5222,4936,8848,4522,6672,6059,4920,5870,5328,3968,4157,5398,4955,8535,4457,5089,3797,4059,3470,3114,3232,2848,3218,2462,7746,2750,4534,5484,4946,4689,6036,5360,5304,5114,3610,6954,3387,3170,4072,3764,4167,5891,5766,6199,7252,6883,8028,6097,4440,5264,5061,5536,4468,4396,4175,2946,1371,7273,740,1133,594,0,1432,1924,1395,3163,3298,3899,8808,2061,984,1390,1702,2034,3257,4049,3184,3455,3779,8270,3151,4102,3063,3620,2533,2992,3070,6010,5383,4327
block74,4340,9419,7728,7311,6771,6353,8866,8582,7839,7340,6283,5997,9909,5583,7745,7133,5981,6930,6389,5029,5218,6459,6016,9596,5518,6150,4858,5120,4531,4175,4293,3909,4279,3523,8807,3811,5595,6545,6007,5750,7097,6421,6365,6175,4671,8015,4448,4230,5133,5108,5511,6952,6827,7260,8313,7943,7774,7158,5501,5647,5445,4370,3338,3267,4851,4007,1955,7110,1764,1382,875,1409,0,1743,480,2034,2169,2769,8630,2733,1263,1167,841,636,1966,2659,1811,2082,4840,8091,4495,5163,3401,5250,1982,2077,2520,4650,4002,4990
block75,5157,8525,6834,6418,5878,5460,7973,7689,6946,6447,6164,5039,8979,4625,6774,6162,6374,7327,6802,5441,4732,6871,6429,8666,5931,6562,5270,5533,4944,4588,4706,4321,4691,3936,7234,4223,6008,6958,6420,6163,7510,6833,6778,6588,5084,6541,4861,4643,5546,5520,5923,7365,7239,7672,9130,8761,6880,6228,4244,4754,4552,3575,2544,2472,3880,4420,871,6217,1247,819,1305,1924,1754,0,740,1240,1374,1975,7736,3566,2091,2000,1985,2154,1334,2125,2339,3016,6672,7198,4907,5980,4234,6185,2816,3012,3353,5585,4936,5925
block76,4617,9186,7495,7078,6538,6120,8633,8349,7606,7107,6824,5777,9639,5363,7512,6900,7112,8065,6666,5306,5470,6736,6294,9326,5796,6427,5135,5398,4809,4453,4571,4186,4556,3801,7895,4088,5873,6823,6285,6028,7375,6698,6642,6453,4949,7202,4726,4508,5411,6232,6634,7229,7129,7565,10695,10326,7541,6888,4905,5415,5212,4137,3105,3034,4619,4285,1616,6878,1424,1046,860,1395,480,1416,0,1801,1936,2536,8397,3750,1540,1476,1149,1505,1895,2687,2097,2367,6023,7859,5619,6590,4418,5536,2999,2363,3577,4936,4287,5276
block77,7538,8443,6752,6335,5795,5377,7890,7606,6863,6364,6081,5034,8896,4620,6769,6157,6369,7322,7184,5273,4727,8167,7668,8583,7107,7802,6510,6158,6183,5828,5945,5427,5879,5176,7152,5463,7248,8197,7659,7402,8749,8073,8017,7827,6324,6459,6100,5883,6785,7276,7679,8604,8173,8609,11740,11371,6798,6145,4162,4672,4469,2925,1893,1822,3876,4313,2110,6135,2486,2059,2545,3163,2044,1240,1811,0,449,1063,7654,4794,3368,3240,3050,2549,1058,1838,2052,2714,7067,7116,6663,8361,5462,6580,4044,3407,4621,5414,4708,6320
block78,8239,9144,7453,7036,6497,6079,8592,8308,7564,7066,6783,5735,9598,5322,7471,6859,7071,8023,7885,5974,5428,8246,7803,9284,7305,7937,6645,6859,6318,5962,6080,5696,6066,5310,7853,5598,7382,8332,7794,7537,8884,8208,8152,7962,6458,7160,6235,6018,6920,7411,7814,8739,8614,8744,11875,11505,7499,6847,4863,5373,5170,3369,2338,2266,4577,5014,2245,6836,2621,2193,2679,3298,2179,1374,1946,449,0,624,8355,4929,3612,3374,3176,2684,974,1399,1613,2342,7202,7817,6798,9062,5597,6715,4179,3542,4756,4975,4269,6455
block79,8593,9499,7808,7391,6851,6433,8946,8662,7919,7420,7137,6090,9952,5676,7825,7213,7425,8377,8240,6328,5783,8846,8404,9639,7906,8537,7245,7214,6919,6563,6681,6483,6935,5911,8208,6198,7983,8933,8395,8138,9485,8808,8753,8563,7059,7514,6836,6618,7521,8004,8407,9340,8902,9338,13452,13083,7854,7201,5218,5727,5525,3980,2949,2878,4931,5369,2846,7190,3222,2794,3280,3899,3179,1975,2546,1063,624,0,8709,5523,4083,3975,3647,3264,1323,1150,1764,2800,8779,8171,7391,9347,6191,7295,4772,4122,5336,5126,4420,7035
block8,7735,788,911,1574,2450,3008,1250,1255,1440,1940,2374,2715,1251,3129,1814,2017,2634,2373,2228,3741,3570,3288,2846,2402,3093,3754,3959,3515,4098,4447,4822,4714,4532,5060,2360,5622,5388,4176,4735,4572,5333,5188,5053,5968,5307,3097,6001,6114,5703,6814,6660,6283,6620,7053,7077,7375,2088,4764,5025,6411,6209,9428,7712,8083,4035,4745,7266,2780,7093,7603,8089,7522,8643,7750,8410,7667,8369,8723,0,9574,8777,8784,8769,9148,8328,9120,9740,10011,11197,526,7209,8535,10482,11039,10930,10006,11220,12579,11931,11745
block80,3190,10184,8572,8155,7616,7198,7962,7608,8683,6611,5888,5602,9514,5188,7338,6725,5586,6536,5994,4634,4823,6064,5621,9201,5124,5755,4463,4725,4136,3780,3898,3514,3884,3128,8412,3416,5200,6150,5612,5355,5803,6026,4879,4228,3729,7620,3220,2714,3905,3240,3643,4943,4137,4573,5904,5442,8694,6763,5106,5930,5727,6202,5525,5406,4841,3612,2381,7939,1750,2143,1649,1055,2172,2933,2450,4173,4308,4909,9474,0,1034,1246,2072,2248,3748,4442,3594,3864,3691,8936,2627,4014,1426,3532,1890,2297,2428,5368,4740,4238
block81,3187,10104,8492,8075,7535,7117,7881,7528,8603,6530,5807,5521,9433,5108,7257,6645,5506,6455,5913,4553,4742,5983,5540,9120,5043,5674,4382,4645,4055,3700,3818,3433,3803,3048,8331,3335,5120,6070,5531,5274,6622,5945,5889,5044,4196,7539,3972,3755,4657,4056,4459,5759,4953,5389,6721,6259,8613,6682,5025,5849,5646,5704,4673,4601,4760,3531,1639,7858,1275,1293,799,933,1252,2096,1585,3368,3613,4084,9393,1575,0,602,914,1255,2884,3577,2730,3000,3687,8855,3443,4010,2242,3529,1745,2205,2283,5223,4596,4235
block82,3399,10510,8898,8481,7942,7523,8287,7934,9009,6937,6213,5928,9840,5514,7663,7051,5912,6861,6320,4959,5149,6389,5947,9526,5449,6080,4788,5051,4462,4106,4224,3839,4209,3454,8737,3741,5526,6476,5938,5681,6525,6351,5601,4950,4451,7945,3942,3436,4627,3962,4365,5665,4859,5295,6626,6164,9020,7089,5432,5788,5586,5543,4512,4440,5166,3938,2046,8264,1682,1639,804,1340,1156,2000,1476,3207,3374,3975,9800,1480,602,0,496,827,2793,3487,2639,2909,3899,9262,3349,4222,2148,2909,1150,1610,1687,4628,4000,3616
block83,3823,10425,8734,8317,7777,7359,9872,9588,8845,7249,6525,6240,10152,5826,7975,7363,6224,7173,6632,5271,5461,6701,6259,9839,5761,6392,5100,5363,4774,4418,4536,4152,4521,3766,9049,4054,5838,6788,6250,5993,7340,6663,6608,5374,4875,8257,4366,3859,5051,4385,4788,6088,5282,5719,7050,6588,9332,7401,5744,6653,6451,5376,4344,4273,5857,4250,2198,8116,2007,1625,1128,1663,845,1985,1149,3040,3175,3775,9636,1904,915,496,0,491,2555,3249,2401,2671,4015,9097,3772,4338,2571,3442,1153,1246,1691,4363,3714,4703
block84,4156,9924,8233,7816,7276,6858,9371,9087,8344,7845,7562,6515,10377,6101,8250,7638,6556,7505,6963,5603,6208,7033,6590,10064,6093,6724,5432,5695,5105,4750,4868,4483,4853,4098,8633,4385,6170,7297,6690,6324,7282,6995,6358,5707,5208,7939,4699,4193,5384,4719,5122,6422,5616,6052,9790,9421,8279,7626,5643,6152,5950,4875,3843,3772,5356,4582,2530,7615,2339,1956,1460,1995,764,2154,1505,2539,2674,3274,9135,2237,1247,827,497,0,2054,2748,1900,2170,5118,8596,4106,5685,2905,4631,1341,1458,2016,4031,3382,4371
block85,6229,9103,7412,6996,6456,6038,8551,8267,7524,7025,6742,5695,9557,5281,7430,6818,7030,7982,7845,5933,5387,8205,7762,9244,7265,7896,6604,6819,6277,5922,6039,5655,6025,5269,7812,5557,7342,8291,7753,7496,8843,8167,8111,7780,6418,7119,6194,5977,6879,6792,7195,8495,7689,8125,11255,10886,7459,6806,4823,5332,5130,3989,2958,2886,4536,4974,2204,6795,2580,2153,2639,3338,1980,1334,2241,1058,974,1323,8314,4310,2883,2793,2447,2065,0,1203,1013,1901,6583,7776,6179,7150,4978,6096,3560,2923,4137,4534,3828,5836
block86,8114,9895,8204,7788,7248,6830,9343,9059,8316,7817,7534,6486,10349,6073,8222,7610,7822,8774,8637,6725,6179,8997,8554,10036,8057,8688,7396,7611,7069,6713,6831,6447,6817,6061,8604,6349,8134,9083,8545,8288,9635,8959,8903,8713,7209,7911,6986,6769,7671,8072,8475,13106,12221,12088,12284,11915,8250,7598,5614,6124,5922,4781,3749,3678,5328,5766,2996,7587,3372,2945,3430,4049,2673,2125,2697,1838,1399,1150,9106,5590,3577,3486,3141,2758,1197,0,855,1632,7611,8568,9218,8179,6258,7313,4840,4181,5382,4408,4354,7053
block87,6075,10506,8815,8398,7859,7441,9954,9670,8926,8427,8145,7097,10959,6684,8833,8221,8433,9385,9247,7336,6790,8192,7750,10646,7252,7884,6592,6854,6265,5909,6027,5643,6013,5257,9215,5545,7329,8279,7741,7484,8831,8155,8099,7626,6405,8522,6618,6111,7303,6637,7040,8340,7534,7971,11101,10732,8861,8208,6225,6735,6532,4993,3962,3890,5939,5741,3607,8198,3487,3105,2598,3184,1825,2736,2087,2051,1612,1763,9717,4156,2729,2638,2293,1910,1011,856,0,724,6428,9179,6024,6996,4823,5941,3405,2768,3982,3772,3066,5681
block88,7181,10776,9086,8669,8129,7711,10224,9940,9197,8698,8415,7368,11230,6954,9103,8491,8703,9655,9518,7606,7061,8463,8020,10917,7523,8154,6862,7125,6535,6180,6298,5913,6283,5528,9485,5815,7600,8550,8012,7754,9102,8425,8369,8127,7628,8792,7119,6613,7804,7139,7542,12174,11288,11156,11351,10982,9132,8479,6496,7005,6803,5727,4696,4625,6209,6011,3877,8468,3757,3376,2868,3454,2096,3007,2357,2714,2342,2800,9987,4657,3000,3907,2563,2181,1901,1632,724,0,6679,9449,8285,7246,5325,6380,3907,3248,4449,3475,3422,6120
block89,682,9229,7421,7599,7494,7071,7498,7604,7197,6706,6542,6609,12071,6206,7334,6303,5681,6217,6084,5534,5841,5742,5545,11758,5185,5092,4317,5379,4405,4049,3675,4532,4944,4659,10969,3821,3489,5188,4516,3994,5105,4429,4109,3456,3025,10177,2896,2890,2887,2191,2594,4403,3530,3524,4183,3814,8062,9320,7663,8487,8284,8760,8083,8453,7398,5184,5089,10496,4458,4851,4483,3763,4992,6975,5269,7360,7494,8095,8323,2943,3743,3899,4481,5420,6875,8003,6721,7070,0,7785,1684,535,1873,1771,3047,3546,2886,5662,4443,1820
block9,7193,1315,385,1048,1997,2470,1486,1201,902,1398,1836,2177,1198,2591,1760,1964,2493,2320,2175,3203,3032,3215,2793,1659,3040,3700,4109,2973,3556,3905,4280,4169,3994,4518,1834,5084,4846,4594,5153,4519,5751,5606,5000,5426,4765,2645,5463,5576,5161,6272,6118,6203,6078,6511,7495,7793,1562,4226,4486,5873,5670,7851,7174,7545,3497,4207,6728,2328,6546,7065,7551,6975,8105,7212,7872,7129,7831,8185,526,9036,8239,8246,8231,8610,7790,8582,9202,9473,10659,0,6671,7993,9944,10501,10392,9468,10682,12041,11393,11207
block90,1105,7889,6081,5914,6143,5855,6159,6484,5857,5274,4857,4924,8420,4855,6213,5180,4342,4878,4963,3849,4385,4403,4206,7011,3674,3752,2977,3694,2686,2331,1957,3181,3259,2974,6730,2136,2150,3849,3176,2654,3766,3089,2769,2202,1685,6806,1206,1204,1548,780,1183,2905,2099,2113,3444,2982,6376,6612,7174,7998,7795,8270,7593,7964,5015,3833,4504,6482,3982,4376,4121,3287,4665,5011,4682,6754,6385,6986,7232,2467,3518,3424,4005,4182,6269,7523,6115,5961,1684,6694,0,1649,2110,2646,3824,4230,3761,7018,5721,3360
block91,778,9191,7383,7561,7589,7167,7460,7566,7159,6668,6504,6571,12167,6302,7295,6265,5643,6179,6046,5747,5937,5704,5507,11854,5147,5054,4279,5341,4367,4011,3637,4627,4906,4242,11065,3783,3451,5150,4478,3956,5067,4391,4157,3418,2987,10273,2858,2851,2849,2153,2556,4033,3148,3015,3813,3444,11347,9416,7759,8583,8380,8855,8178,8549,7494,5280,5185,10592,4554,4947,4579,3859,5088,5738,5365,7937,8072,9189,8285,3039,3839,3995,4577,4753,7453,8581,7298,7648,535,7747,1646,0,1969,1867,3143,3642,2982,6240,4942,2211
block92,1273,11106,9494,9077,8537,8119,10632,10348,9605,9106,7300,6920,10435,6507,8656,8044,6238,7184,6642,5578,5768,6402,6269,10122,5772,5752,5111,5374,4784,4429,4059,4459,4829,4214,9333,3816,4183,5989,5209,4687,5799,5122,4802,4150,3899,8541,3390,2884,3581,2902,3305,5465,4580,4236,5246,4876,9615,7684,6027,6851,6648,7124,6447,6817,5762,4698,3467,8860,2836,3229,2735,2141,3258,4019,3535,5809,5944,6544,10395,1320,2120,2277,2858,3035,5324,6376,5170,4814,1773,9857,2378,2096,0,1569,1916,2415,1756,4838,4644,2275
block93,1781,12287,10675,10258,9719,9301,11814,11529,10786,10287,8481,8102,11617,7688,9837,9225,6585,7531,6989,6050,7795,6749,6616,11304,6119,6099,5458,5721,5131,4776,4406,4930,5300,4545,10514,4163,4691,6390,5718,5196,6307,5630,5729,4658,4226,9722,3737,3231,4089,3392,3795,5605,4719,4587,5385,5016,10797,8866,7209,8032,7830,8305,7628,7813,6943,5739,4635,10041,4003,4397,4028,3308,5284,6195,5546,6580,6715,7315,11577,2488,3288,3445,3156,4641,6095,6789,5941,5787,1912,11039,2886,2235,1125,0,2025,2524,1865,3602,3407,1038
block94,2907,12078,10465,10049,9509,9091,11604,11320,10577,10078,8272,7892,11407,7479,9628,9016,7054,8156,7614,6102,6291,7374,7089,11094,6592,6724,5931,6345,5604,5249,5031,4982,5352,4596,10305,4788,5719,6960,6352,5950,6945,6269,6021,5370,4871,9513,4362,3856,5047,4382,4784,6085,5279,5715,6511,6141,10587,8656,6999,7511,7308,6233,5202,5130,6734,5080,3029,9832,2837,2455,1959,2494,1972,2816,2292,3897,4032,4633,11367,1900,1745,1150,1312,1341,3413,4830,3259,3267,3038,10829,3769,3361,1912,2465,0,575,714,3695,3179,3171
block95,3410,10782,9091,8674,8134,7716,10229,9945,9202,8703,8420,7373,11235,6959,9109,8496,8709,9661,8020,6562,7066,7780,7549,10922,7051,7129,6391,6751,6064,5708,5436,5442,5812,5056,9491,5193,6125,7366,6758,6356,7351,6674,6427,5776,5277,8798,4768,4261,5453,4787,5190,6490,5684,6216,7014,6645,9137,8484,7405,7011,6808,5733,4701,4630,6215,5540,3882,8474,3297,2915,2419,2953,2101,3012,2363,3397,3532,4132,9993,2306,2205,1610,1246,1458,2912,3606,2758,2604,4282,9455,4515,3864,2415,2968,575,0,1217,3195,2678,3535
block96,2750,12615,11003,10586,10046,9628,12142,11857,11114,10615,8809,8430,11945,8016,10165,9553,7592,8693,8151,6639,6829,7912,7627,11631,7129,7261,6468,6883,6142,5786,5568,5519,5889,5134,10842,5325,5660,7498,6687,6165,7276,6600,6699,5628,5408,10050,4899,4393,5059,4362,4765,6574,5689,5556,6355,5985,11125,9194,7537,8225,8022,6947,5915,5844,7271,5618,3566,10369,3375,2992,2496,3031,2509,3353,2830,4611,4746,5346,11905,2438,2283,1687,1849,2026,4127,4820,3972,3818,2882,11367,3855,3205,1756,2309,828,1217,0,3797,3091,3015
block97,6763,13398,11708,11291,10751,10333,12846,12562,11819,11320,11037,9990,16682,9576,11725,11113,11325,12277,13186,11826,9682,13256,12813,16369,12316,9424,11655,11918,11328,10973,11090,10706,11076,10320,15579,10608,8016,9715,9043,8521,9632,8956,11880,7983,7552,14787,7062,6556,7414,6718,10564,11755,10870,10738,10933,10564,11754,13931,12274,9627,9425,8349,7318,7247,8831,10804,6499,11090,6379,5998,5505,8485,4718,5629,4979,5416,4977,5129,12609,5446,5291,4696,4406,4074,4377,4408,3772,3475,6261,12071,6211,6828,4846,3657,3739,3238,3651,0,751,3397
block98,4925,12720,11029,10612,10073,9655,12168,11883,11140,10641,10359,9311,15522,8897,11047,10434,10647,11599,10481,9417,9004,10241,10108,15209,9611,9591,8950,9213,8623,8268,7898,8298,8668,9160,14419,7655,7835,9828,8861,8339,9451,8774,10720,7802,7738,10736,7229,6723,7233,6536,6939,10595,9710,9578,9773,9404,11075,12771,11114,8949,8746,7671,6640,6568,8153,9644,5821,10412,5700,5319,4826,5361,4039,4950,4301,4714,4275,4426,11931,4767,4613,4017,3707,3396,3675,4258,3069,2911,5101,11393,6030,5668,4302,3476,3191,2691,3104,751,0,3215
block99,2343,12993,11381,10964,10425,10007,12520,12236,11492,10994,9188,8808,12323,8394,10544,9931,7292,8237,7695,6756,8501,7431,7323,12010,6825,6781,6164,6427,5838,5482,5112,5636,6006,5251,11221,4869,5178,6877,6205,5682,6794,6117,6080,5263,4713,10429,4443,3937,4576,3879,4399,6091,5206,5073,5872,5503,11503,9572,7915,8739,8536,8655,7624,7553,7650,6446,5341,10748,4710,5103,4734,4015,5024,5935,5285,6320,6454,7055,12283,3194,3994,4151,4712,4380,5835,6529,5681,5527,1811,11745,3373,2342,2227,1038,3128,3544,2967,3341,3147,0
